ticker,settore,industria,capitalizzazione,azioni_in_circolazione,flottante,valuta,tipo,denominazione,denaro,lettera,spread_pct
A2A.MI,Utilities,Utilities - Diversified,7135941120.0,3128426632.0,1420993945.0,EUR,EQUITY,A2A S.p.A.,2.28,2.282,0.08768084173609049
AAT.MI,Technology,Software - Infrastructure,12170957.0,10472463.0,4038500.0,EUR,EQUITY,AATECH S.p.A. Società Benefit,1.02,1.05,2.8985507246376834
ABC.MI,Financial Services,Asset Management,126109704.0,11213130.0,9925567.0,EUR,EQUITY,ABC Company S.p.A.,,,
ABP.MI,Industrials,Engineering & Construction,175087504.0,30450000.0,,EUR,EQUITY,Azienda Bresciana Petroli Nocivelli S.p.A.,5.7,5.85,2.597402597402588
ABT.MI,Real Estate,Real Estate - Development,71571808.0,25561360.0,11997237.0,EUR,EQUITY,Abitare In S.p.A.,2.75,2.81,2.1582733812949657
ABTG.MI,Consumer Defensive,Education & Training Services,6491382.0,5111325.0,2471149.0,EUR,EQUITY,Alfio Bardolla Training Group S.p.A.,1.24,1.27,2.3904382470119545
AC5.MI,Utilities,Utilities - Diversified,418368832.0,197343794.0,9867190.0,EUR,EQUITY,Acinque S.p.A.,2.08,2.14,2.8436018957345994
ACE.MI,Utilities,Utilities - Diversified,4425247232.0,212547907.0,51141152.0,EUR,EQUITY,ACEA S.p.A.,20.82,20.84,0.09601536245799124
ACQ.MI,Communication Services,Advertising Agencies,27142500.0,2585000.0,,EUR,EQUITY,Acquazzurra S.p.A.,,,
ADB.MI,Industrials,Airports & Air Services,359811616.0,36125665.0,5981688.0,EUR,EQUITY,Aeroporto Guglielmo Marconi di Bologna S.p.A.,9.86,9.96,1.0090817356205997
ADV.MI,Technology,Software - Application,139535360.0,7267466.0,,EUR,EQUITY,Adventure S.p.A.,18.8,19.1,1.5831134564643834
AEDES.MI,Real Estate,REIT - Retail,10986135.0,12804354.0,11314248.0,EUR,EQUITY,Aedes Spa,0.826,0.86,4.033214709371297
AEF.MI,Consumer Cyclical,Apparel Manufacturing,16594419.0,100572235.0,32076703.0,EUR,EQUITY,Aeffe S.p.A.,0.16,0.163,1.8575851393188871
AGAIN.MI,Technology,Information Technology Services,3438307.0,5000391.0,,EUR,EQUITY,Cloudia Research S.p.A.,0.628,0.88,33.42175066312997
AGP.MI,Technology,Solar,129107864.0,18235574.0,6985501.0,EUR,EQUITY,Altea Green Power S.p.A.,7.06,7.08,0.28288543140028943
AIM.MI,Real Estate,REIT - Specialty,2015673.0,72668.0,,EUR,EQUITY,4AIM SICAF S.p.A.,27.4,28.63,4.390505086560773
AIM2.MI,,,,,,EUR,EQUITY,4AIM SICAF SPA-Comparto 2 Crowdfunding Fund,,,
ALFO.MI,Technology,Software - Application,2807573.0,13119500.0,6169182.0,EUR,EQUITY,,0.175,0.214,20.051413881748076
ALMS.MI,Industrials,Specialty Industrial Machinery,163384608.0,30769230.0,,EUR,EQUITY,,5.34,5.43,1.6713091922005545
AMB.MI,Financial Services,Capital Markets,1192377.0,2722322.0,2644552.0,EUR,EQUITY,Ambromobiliare S.p.A.,0.432,0.45,4.081632653061228
AMI.MI,Communication Services,Entertainment,16753879.0,11716000.0,,EUR,EQUITY,Friends S.p.A.,1.4,1.44,2.8169014084507067
AMP.MI,Healthcare,Medical Distribution,,,102225460.0,EUR,EQUITY,,12.315,12.32,0.04059265272986225
ANIM.MI,Financial Services,Asset Management,2325293056.0,325215817.0,26983156.0,EUR,EQUITY,Anima Holding SpA,7.14,7.16,0.2797202797202862
ARBS.MI,Healthcare,Biotechnology,19866764.0,6513693.0,4641236.0,EUR,EQUITY,,3.03,3.08,1.636661211129305
ARIS.MI,Industrials,Building Products & Equipment,1317890688.0,120414761.0,54996938.0,EUR,EQUITY,Ariston Holding N.V.,3.584,3.598,0.38986354775827875
ARN.MI,Utilities,Utilities - Renewable,1053010048.0,53725000.0,3528121.0,EUR,EQUITY,Alerion Clean Power S.p.A.,19.56,19.62,0.3062787136294144
ART.MI,Consumer Cyclical,Leisure,7426299.0,35363333.0,,EUR,EQUITY,Deodato.Gallery S.p.A.,0.206,0.214,3.809523809523813
ASC.MI,Utilities,Utilities - Regulated Gas,591957504.0,216437856.0,65831738.0,EUR,EQUITY,Ascopiave S.p.A.,2.735,2.745,0.3649635036496434
ATON.MI,Industrials,Electrical Equipment & Parts,3105000.0,7500000.0,,EUR,EQUITY,ATON Green Storage S.p.A.,,,
AUTME.MI,Industrials,Engineering & Construction,11725000.0,4375000.0,1794494.0,EUR,EQUITY,Autostrade Meridionali S.p.A.,2.68,2.76,2.9411764705882217
AVIO.MI,Industrials,Aerospace & Defense,1489667584.0,46162614.0,33208210.0,EUR,EQUITY,Avio S.p.A.,,,
AZM.MI,Financial Services,Asset Management,5401664000.0,142223899.0,101481116.0,EUR,EQUITY,Azimut Holding S.p.A.,37.97,37.99,0.05265929436546373
B.MI,Industrials,Specialty Business Services,123540464.0,111297716.0,12531010.0,EUR,EQUITY,Bastogi S.p.A.,1.11,1.12,0.8968609865470858
BAMI.MI,Financial Services,Banks - Regional,25044285440.0,1505065360.0,1201103876.0,EUR,EQUITY,Banco BPM S.p.A.,16.635,16.645,0.060096153846141885
BAN.MI,Consumer Cyclical,Apparel Retail,284941056.0,46788353.0,4544142.0,EUR,EQUITY,BasicNet S.p.A.,6.09,6.12,0.49140049140049546
BC.MI,Consumer Cyclical,Luxury Goods,5973120000.0,68000000.0,33966000.0,EUR,EQUITY,Brunello Cucinelli S.p.A.,87.76,87.82,0.06834491399930295
BDB.MI,Financial Services,Banks - Regional,2219294720.0,131474807.0,36908525.0,EUR,EQUITY,Banco di Desio e della Brianza S.p.A.,16.88,16.92,0.23668639053256038
BEC.MI,Technology,Consumer Electronics,123165088.0,10899565.0,5037546.0,EUR,EQUITY,B&C Speakers S.p.A.,11.3,11.35,0.44150110375275
BELL.MI,Consumer Cyclical,Recreational Vehicles,25464000.0,6366000.0,,EUR,EQUITY,Bellini Nautica S.p.A.,3.92,3.96,1.01522842639594
BES.MI,Financial Services,Asset Management,596644.0,10286969.0,1407999.0,EUR,EQUITY,,0.051,0.059,14.545454545454549
BF.MI,,,,194667169.0,,,MUTUALFUND,BolognaFiere S.p.A.,,,
BFF.MI,Financial Services,Credit Services,598054784.0,188899178.0,179199205.0,EUR,EQUITY,BFF Bank S.p.A.,3.162,3.168,0.18957345971564699
BFG.MI,Consumer Defensive,Farm Products,1314300160.0,261812782.0,18996303.0,EUR,EQUITY,B.F. S.p.A.,4.97,5.06,1.7946161515453611
BGN.MI,Financial Services,Banks - Regional,7714615808.0,114290605.0,55600094.0,EUR,EQUITY,Banca Generali S.p.A.,67.4,67.45,0.07415647015201654
BMED.MI,Financial Services,Banks - Regional,17862230016.0,740863917.0,519093712.0,EUR,EQUITY,Banca Mediolanum S.p.A.,24.1,24.11,0.04148516905205563
BMPS.MI,Financial Services,Banks - Regional,35999178752.0,3038418183.0,2196654810.0,EUR,EQUITY,Banca Monte dei Paschi di Siena S.p.A.,11.846,11.85,0.033760972315998984
BO.MI,Consumer Cyclical,Textile Manufacturing,33784128.0,47717694.0,,EUR,EQUITY,Borgosesia S.p.A.,0.708,0.716,1.1235955056179785
BPE.MI,Financial Services,Banks - Regional,29360476160.0,2085853514.0,1658282212.0,EUR,EQUITY,,,,
BRE.MI,Consumer Cyclical,Auto Parts,,,139069416.0,EUR,EQUITY,,9.98,9.99,0.10015022533800488
BRI.MI,Real Estate,Real Estate - Development,51420264.0,779094913.0,237031836.0,EUR,EQUITY,Brioschi Sviluppo Immobiliare S.p.A.,0.066,0.0676,2.395209580838309
BSS.MI,Industrials,Specialty Industrial Machinery,,,8069732.0,EUR,EQUITY,,5.18,5.21,0.5774783445620837
BST.MI,Financial Services,Banks - Regional,130282112.0,80421052.0,57633171.0,EUR,EQUITY,Banca Sistema S.p.A.,1.632,1.662,1.8214936247723152
BWZ.MI,Technology,Information Technology Services,3734893.0,11182315.0,1930739.0,EUR,EQUITY,Beewize S.p.A.,0.322,0.362,11.695906432748535
BZU.MI,Basic Materials,Building Materials,6958088704.0,176511648.0,52948170.0,EUR,EQUITY,,39.41,39.42,0.025371051630103048
CAI.MI,Communication Services,Publishing,279966784.0,120157428.0,50512981.0,EUR,EQUITY,Cairo Communication S.p.A.,2.33,2.335,0.21436227224008117
CALT.MI,Basic Materials,Building Materials,1213212032.0,120120000.0,14903288.0,EUR,EQUITY,Caltagirone SpA,10.1,10.14,0.39525691699605653
CBB.MI,Real Estate,Real Estate Services,6381658.0,8623862.0,,EUR,EQUITY,CleanBnB S.p.A.,0.728,0.74,1.6348773841961868
CDG.MI,Communication Services,Entertainment,63938848.0,12444533.0,,EUR,EQUITY,Casta Diva Group S.p.A.,3.06,3.09,0.9756097560975545
CE.MI,Financial Services,Banks - Regional,7012548608.0,340084801.0,67642867.0,EUR,EQUITY,Credito Emiliano S.p.A.,20.58,20.62,0.1941747572815665
CED.MI,Communication Services,Publishing,290469536.0,106790262.0,52504500.0,EUR,EQUITY,Caltagirone Editore SpA,2.68,2.71,1.1131725417439629
CELL.MI,Consumer Cyclical,Auto Parts,52589188.0,21464974.0,14481768.0,EUR,EQUITY,Cellularline S.p.A.,2.45,2.46,0.4073319755600728
CEM.MI,Basic Materials,Building Materials,2231712000.0,155520000.0,22195814.0,EUR,EQUITY,Cementir Holding N.V.,14.33,14.36,0.20913210177761843
CFL.MI,Consumer Cyclical,Auto Parts,11804739.0,6053712.0,1226664.0,EUR,EQUITY,Cofle S.p.A.,1.885,1.94,2.8758169934640487
CFV.MI,Financial Services,Capital Markets,19487378.0,8939164.0,4900779.0,EUR,EQUITY,Confinvest Oro S.p.A.,2.18,2.2,0.9132420091324207
CGF.MI,Utilities,Utilities - Renewable,6430000.0,5144000.0,543978.0,EUR,EQUITY,Cogefeed S.p.A.,1.1,1.15,4.444444444444429
CIR.MI,Consumer Cyclical,Auto Parts,589051008.0,827318796.0,475134999.0,EUR,EQUITY,CIR S.p.A. - Compagnie Industriali Riunite,0.711,0.715,0.5610098176718098
CIRC.MI,Technology,Information Technology Services,65183456.0,4775345.0,,EUR,EQUITY,Circle S.p.A.,13.35,13.6,1.855287569573284
CLABO.MI,Industrials,Specialty Industrial Machinery,10429321.0,9524494.0,,EUR,EQUITY,Clabo S.p.A.,0.95,1.34,34.06113537117905
CLE.MI,Communication Services,Publishing,46637964.0,322734078.0,58512087.0,EUR,EQUITY,Class Editori Spa,0.139,0.1435,3.1858407079645854
CLF.MI,Consumer Cyclical,Textile Manufacturing,11962870.0,15181307.0,6021945.0,EUR,EQUITY,Caleffi S.p.A.,0.788,0.794,0.7585335018963344
CLI.MI,Consumer Defensive,Packaged Foods,54502720.0,13228816.0,2021760.0,EUR,EQUITY,Centrale del Latte d'Italia S.p.A.,4.1,4.16,1.4527845036319733
CMB.MI,Industrials,Electrical Equipment & Parts,1358648832.0,16814959.0,4888277.0,EUR,EQUITY,Cembre S.p.A.,80.6,80.9,0.37151702786379115
CMTL.MI,Technology,Information Technology Services,35554460.0,18422000.0,5668265.0,EUR,EQUITY,Com.Tel S.p.A.,1.91,1.94,1.55844155844156
COM.MI,Industrials,Farm & Heavy Construction Machinery,1290962688.0,28624452.0,3094017.0,EUR,EQUITY,Comer Industries S.p.A.,44.9,45.0,0.22246941045606544
COP.MI,Financial Services,Asset Management,15762664.0,1970333.0,977076.0,EUR,EQUITY,Copernico Sim S.p.A.,7.9,8.4,6.134969325153374
CORE.MI,Industrials,Specialty Business Services,20324288.0,14999474.0,5035323.0,EUR,EQUITY,Soluzione Tasse S.p.A.,1.32,1.355,2.616822429906536
COSMO.MI,Healthcare,Pharmaceutical Retailers,19871294.0,34716056.0,31112159.0,EUR,EQUITY,Farmacosmo S.p.A.,0.512,0.526,2.6974951830443183
CPR.MI,Consumer Defensive,Beverages - Wineries & Distilleries,6980289024.0,1199362292.0,573702959.0,EUR,EQUITY,,,,
CREG.MI,Technology,Software - Application,43762860.0,14784750.0,4183624.0,EUR,EQUITY,Creactives Group S.p.A.,,,
CRL.MI,Technology,Electronic Components,3009183744.0,112492850.0,53258615.0,EUR,EQUITY,Carel Industries S.p.A.,26.7,26.75,0.18709073900842174
CSP.MI,Consumer Cyclical,Apparel Manufacturing,11568005.0,38949514.0,23794258.0,EUR,EQUITY,CSP International Fashion Group S.p.A.,0.293,0.297,1.3559322033898318
CUBE.MI,Financial Services,Asset Management,48848108.0,20875260.0,,EUR,EQUITY,Cube Labs S.p.A.,,,
CVG.MI,Communication Services,Telecom Services,13402937.0,7324009.0,1403026.0,EUR,EQUITY,Convergenze S.p.A. Società Benefit,1.79,1.83,2.2099447513812174
CY4.MI,Technology,Software - Infrastructure,218035072.0,23121428.0,14931590.0,EUR,EQUITY,Cy4gate S.p.A.,9.39,9.44,0.5310674455655755
CYB.MI,Technology,Software - Infrastructure,50246836.0,40851083.0,15140863.0,EUR,EQUITY,Cyberoo S.p.A.,1.23,1.235,0.40567951318459355
D.MI,Financial Services,Capital Markets,147750000.0,18750000.0,,EUR,EQUITY,Directa Sim S.p.A.,7.76,8.0,3.04568527918782
DAL.MI,Technology,Scientific & Technical Instruments,316279008.0,55781128.0,14655919.0,EUR,EQUITY,Datalogic S.p.A.,5.67,5.68,0.17621145374448965
DAN.MI,Industrials,Specialty Industrial Machinery,4541290496.0,36367962.0,43686570.0,EUR,EQUITY,Danieli & C. Officine Meccaniche S.p.A.,63.4,63.5,0.15760441292356409
DANR.MI,Industrials,Specialty Industrial Machinery,3037547264.0,35204779.0,43686570.0,EUR,EQUITY,Danieli & C. Officine Meccaniche S.p.A.,42.42,42.48,0.14134275618373418
DATA.MI,Technology,Software - Infrastructure,30736470.0,9794619.0,5700950.0,EUR,EQUITY,Datrix S.p.A.,1.825,1.835,0.5464480874316945
DBA.MI,Industrials,Engineering & Construction,46525168.0,10921400.0,5446830.0,EUR,EQUITY,DBA Group S.p.A.,4.16,4.22,1.431980906921232
DDM.MI,Consumer Cyclical,Leisure,23147600.0,7957000.0,,EUR,EQUITY,Dedem S.p.A.,2.6,2.92,11.594202898550721
DEA.MI,,,67263384.0,3024273.0,,EUR,EQUITY,Distribuzione Elettrica Adriatica S.p.a.,8.3,8.4,1.1976047904191571
DEX.MI,Consumer Cyclical,"Furnishings, Fixtures & Appliances",124805320.0,59431107.0,14611601.0,EUR,EQUITY,Dexelance S.p.A.,2.1,2.11,0.4750593824227927
DGT.MI,Communication Services,Advertising Agencies,25196354.0,13483108.0,7810878.0,EUR,EQUITY,DigiTouch S.p.A.,1.83,1.865,1.8944519621109563
DHH.MI,Technology,Software - Infrastructure,145673088.0,5581343.0,4799128.0,EUR,EQUITY,Dominion Hosting Holding S.p.A.,26.1,26.5,1.5209125475285117
DIA.MI,Healthcare,Diagnostics & Research,3643911168.0,49442490.0,14955700.0,EUR,EQUITY,DiaSorin S.p.A.,73.66,73.72,0.08142217397204814
DIB.MI,Communication Services,Electronic Gaming & Multimedia,177940448.0,14350037.0,4647549.0,EUR,EQUITY,Digital Bros S.p.A.,12.34,12.44,0.8071025020177534
DIS.MI,Industrials,Marine Shipping,870583360.0,119094855.0,119062699.0,EUR,EQUITY,d'Amico International Shipping S.A.,7.305,7.32,0.2051282051282129
DIT.MI,Consumer Cyclical,Travel Services,5474109.0,21054266.0,,EUR,EQUITY,Destination Italia S.p.A.,0.257,0.265,3.065134099616861
DLG.MI,Consumer Cyclical,"Furnishings, Fixtures & Appliances",5896200192.0,148444115.0,44341112.0,EUR,EQUITY,De'Longhi S.p.A.,39.7,39.76,0.15101938082052646
DNR.MI,Industrials,Electrical Equipment & Parts,1290875392.0,48267914.0,47647722.0,EUR,EQUITY,Industrie De Nora S.p.A.,6.485,6.5,0.23103581055063044
DOT.MI,Real Estate,Real Estate Services,17615866.0,4186791.0,,EUR,EQUITY,Dotstay S.P.A,,,
DOV.MI,Financial Services,Asset Management,372855936.0,189652064.0,80058094.0,EUR,EQUITY,doValue S.p.A.,1.96,1.966,0.30565461029037216
DOX.MI,Technology,Software - Infrastructure,43036232.0,11568879.0,2131335.0,EUR,EQUITY,Doxee S.p.A.,3.69,3.73,1.078167115902966
DPG.MI,Industrials,Specialty Industrial Machinery,,,,EUR,EQUITY,,1.6116,1.6856,4.488657042338958
E9IA.MI,Technology,Scientific & Technical Instruments,70772096.0,35386050.0,7620386.0,EUR,EQUITY,e-Novia S.p.A.,,,
EAV.MI,Consumer Cyclical,Resorts & Casinos,9826995.0,6969500.0,,EUR,EQUITY,Emma Villas S.p.A.,1.36,1.42,4.316546762589915
ECK.MI,Utilities,Utilities - Diversified,56467712.0,17111428.0,3007116.0,EUR,EQUITY,Ecosuntek S.p.A.,3.2,3.26,1.8575851393188734
ECMB.MI,Consumer Cyclical,Packaging & Containers,23743550.0,4278117.0,,EUR,EQUITY,Ecomembrane S.p.A.,5.4,5.5,1.8348623853210944
ECMPM.MI,Real Estate,REIT - Retail,1468144000.0,54679475.0,43440656.0,EUR,EQUITY,Eurocommercial Properties N.V.,26.85,27.2,1.2950971322849136
ECNL.MI,Consumer Cyclical,Textile Manufacturing,118173168.0,71893756.0,34662691.0,EUR,EQUITY,Aquafil S.p.A.,1.372,1.382,0.7262164124909068
EDAC.MI,Industrials,Specialty Business Services,25606870.0,8395695.0,8395695.0,EUR,EQUITY,EdiliziAcrobatica S.p.A.,2.55,3.5,31.404958677685958
EDNR.MI,Energy,Oil & Gas Integrated,9093345280.0,109559893.0,133937396.0,EUR,EQUITY,Edison S.p.A.,1.91,1.922,0.6263048016701467
EGB.MI,Industrials,Building Products & Equipment,9467062.0,13532500.0,,EUR,EQUITY,E-Globe S.p.A.,0.52,0.535,2.8436018957345994
EGLA.MI,Consumer Cyclical,Auto Parts,167217088.0,88985519.0,41607228.0,EUR,EQUITY,EuroGroup Laminations S.p.A.,1.022,1.03,0.7797270955165698
EHI.MI,Financial Services,Shell Companies,37617476.0,3762500.0,,EUR,EQUITY,EHI! S.p.A.,9.851,10.2,3.4811231360031756
ELB.MI,Industrials,Aerospace & Defense,15259440.0,2876500.0,122506.0,EUR,EQUITY,,4.92,5.0,1.612903225806453
ELC.MI,Consumer Cyclical,"Furnishings, Fixtures & Appliances",69131912.0,58586369.0,11352281.0,EUR,EQUITY,Elica S.p.A.,1.155,1.18,2.141327623126331
ELN.MI,Healthcare,Medical Devices,1227204992.0,80209472.0,10141593.0,EUR,EQUITY,EL.En. S.p.A.,15.3,15.32,0.13063357282821406
ELSA.MI,Industrials,Specialty Industrial Machinery,8323580.0,3119000.0,1673997.0,EUR,EQUITY,ELSA Solutions S.p.A.,2.22,2.3,3.5398230088495413
EM.MI,Industrials,Tools & Accessories,134503856.0,162837602.0,48786146.0,EUR,EQUITY,Emak S.p.A.,0.822,0.825,0.364298724954463
ENA.MI,Real Estate,Real Estate Services,4042686.0,8422264.0,1507565.0,EUR,EQUITY,,0.48,0.496,3.278688524590167
ENAV.MI,Industrials,Airports & Air Services,2677851904.0,540325280.0,251510611.0,EUR,EQUITY,ENAV S.p.A.,4.952,4.958,0.12108980827447482
ENEL.MI,Utilities,Utilities - Diversified,94247510016.0,9921834654.0,7525406225.0,EUR,EQUITY,Enel SpA,,,
ENI.MI,Energy,Oil & Gas Integrated,69461958656.0,2887630599.0,1840625733.0,EUR,EQUITY,Eni S.p.A.,24.045,24.06,0.062363579669460614
ENT.MI,Financial Services,Asset Management,8539911.0,7763555.0,,EUR,EQUITY,Entera S.p.A.,1.06,1.1,3.703703703703707
ENV.MI,Consumer Defensive,Packaged Foods,87576000.0,17800000.0,3319700.0,EUR,EQUITY,Enervit S.p.A.,4.85,4.98,2.644964394710087
ENY.MI,Industrials,Electrical Equipment & Parts,35149776.0,54076580.0,8398634.0,EUR,EQUITY,Energy S.p.A.,0.638,0.65,1.8633540372670823
EPH.MI,Financial Services,Asset Management,5910562.0,112368105.0,26724424.0,EUR,EQUITY,EPH Invest S.p.A.,0.05,0.0522,4.305283757338552
EPRB.MI,Industrials,Consulting Services,3321900.0,2768250.0,,EUR,EQUITY,Eprcomunicazione S.p.A.,1.17,1.22,4.184100418410046
EQUI.MI,Financial Services,Capital Markets,295681440.0,51512447.0,10750844.0,EUR,EQUITY,Equita Group S.p.A.,5.74,5.77,0.521285838401379
ERFO.MI,Consumer Defensive,Packaged Foods,9733185.0,8427000.0,2994013.0,EUR,EQUITY,Laboratorio Farmaceutico Erfo S.p.A.,1.15,1.16,0.8658008658008667
ERG.MI,Utilities,Utilities - Renewable,3226875648.0,145354760.0,33280426.0,EUR,EQUITY,ERG S.p.A.,22.2,22.22,0.09004952723998007
ESAU.MI,Industrials,Specialty Industrial Machinery,46146200.0,11890000.0,3668541.0,EUR,EQUITY,Esautomotion S.p.A.,3.48,3.58,2.832861189801702
ESF.MI,Industrials,Infrastructure Operations,84888160.0,19249014.0,,EUR,EQUITY,Edil San Felice S.p.A.,4.3,4.41,2.525832376578652
ESIGM.MI,Industrials,Engineering & Construction,10877043.0,7527365.0,4900239.0,EUR,EQUITY,ESI S.p.A.,1.425,1.475,3.448275862068968
ESPE.MI,Industrials,Engineering & Construction,70902128.0,9140775.0,2126942.0,EUR,EQUITY,Espe S.p.A.,5.8,5.84,0.6872852233676982
ESTM.MI,Consumer Cyclical,Auto Manufacturers,3110094.0,29761667.0,,EUR,EQUITY,Estrima S.p.A.,0.098,0.1,2.020202020202022
ET.MI,Technology,Solar,54687500.0,6562500.0,,EUR,EQUITY,Energy Time S.P.A.,7.0,7.1,1.4184397163120517
ETH.MI,Technology,Computer Hardware,78526712.0,59489927.0,39780319.0,EUR,EQUITY,Eurotech S.p.A.,1.316,1.322,0.45489006823351064
ETI.MI,Energy,Oil & Gas Midstream,5250888.0,1055455.0,311000.0,EUR,EQUITY,ETI S.p.A.,4.0,4.99,22.024471635150174
ETS.MI,Industrials,Engineering & Construction,35520000.0,4800000.0,914976.0,EUR,EQUITY,E.T.S. S.P.A. Engineering and Technical Services,7.1,7.75,8.754208754208758
EUK.MI,Healthcare,Medical Care Facilities,11484522.0,22741628.0,1826153.0,EUR,EQUITY,EuKedos S.p.A.,0.49,0.53,7.843137254901968
EVISO.MI,Utilities,Utilities - Regulated Electric,220575072.0,22257828.0,5825137.0,EUR,EQUITY,eVISO S.p.A.,9.84,9.91,0.7088607594936738
EXAI.MI,Technology,Software - Application,181163232.0,113085660.0,89497122.0,EUR,EQUITY,Expert.ai S.p.A.,1.602,1.612,0.6222775357809588
EXEC.MI,Consumer Defensive,Education & Training Services,10399295.0,9810656.0,2215210.0,EUR,EQUITY,Execus S.p.A.,1.05,1.08,2.8169014084507067
FAE.MI,Technology,Electronic Components,85762856.0,21878280.0,6192480.0,EUR,EQUITY,FAE Technology S.p.A.,3.86,3.9,1.0309278350515474
FARM.MI,Financial Services,Asset Management,47131292.0,226592740.0,,EUR,EQUITY,H-FARM S.p.A.,0.202,0.208,2.9268292682926718
FBK.MI,Financial Services,Banks - Regional,14500115456.0,611819221.0,611782512.0,EUR,EQUITY,FinecoBank Banca Fineco S.p.A.,23.69,23.7,0.04220299641273691
FCH.MI,Industrials,Engineering & Construction,52368252.0,6435721.0,,EUR,EQUITY,Franchetti S.p.A.,5.5,5.7,3.5714285714285747
FCT.MI,Industrials,Aerospace & Defense,4477454336.0,359202121.0,147912659.0,EUR,EQUITY,,12.45,12.46,0.08028904054597803
FDA.MI,Industrials,Specialty Industrial Machinery,9995295.0,1249411870.0,228482070.0,EUR,EQUITY,Fidia S.p.A.,0.008,0.0082,2.4691358024691423
FF.MI,Consumer Defensive,Packaged Foods,193188576.0,19068758.0,8303738.0,EUR,EQUITY,Fine Foods & Pharmaceuticals N.T.M. S.p.A.,8.56,8.6,0.46620046620045624
FIC.MI,Financial Services,Capital Markets,61283740.0,3462358.0,2145969.0,EUR,EQUITY,First Capital S.p.A.,17.35,17.6,1.4306151645207439
FILA.MI,Industrials,Business Equipment & Supplies,520152704.0,42516655.0,30742380.0,EUR,EQUITY,F.I.L.A. - Fabbrica Italiana Lapis ed Affini S.p.A.,10.28,10.3,0.19436345966959526
FM.MI,Industrials,Specialty Business Services,575517184.0,71404114.0,12927001.0,EUR,EQUITY,Fiera Milano S.p.A.,8.06,8.07,0.12399256044637055
FNM.MI,Industrials,Railroads,199185376.0,434902568.0,128010870.0,EUR,EQUITY,FNM S.p.A.,0.458,0.462,0.8695652173913051
FPE.MI,Consumer Cyclical,Luxury Goods,288739136.0,5447908.0,530907.0,EUR,EQUITY,Fope S.p.A.,52.0,53.5,2.843601895734597
FPT.MI,Communication Services,Telecom Services,,,,EUR,EQUITY,,1.1038,1.1544,4.481445398990364
FRE.MI,Utilities,Utilities - Renewable,10855056.0,59317247.0,45275668.0,EUR,EQUITY,Frendy Energy S.p.A.,0.179,0.185,3.2967032967032996
FTC.MI,Industrials,Consulting Services,3688300.0,13172500.0,,EUR,EQUITY,Finanza.tech S.p.A.,0.276,0.284,2.8571428571428394
FUM.MI,Industrials,Building Products & Equipment,102606032.0,32677079.0,4496168.0,EUR,EQUITY,Franchi Umberto Marmi S.p.A.,3.12,3.15,0.956937799043056
G.MI,Financial Services,Insurance - Diversified,65010343936.0,1511868413.0,875265111.0,EUR,EQUITY,Assicurazioni Generali S.p.A.,42.99,43.0,0.023258518432371228
GAB.MI,Real Estate,Real Estate Services,23892884.0,60335566.0,25087528.0,EUR,EQUITY,Gabetti Property Solutions S.p.A.,0.395,0.403,2.0050125313283225
GAIN.MI,Technology,Software - Application,9564247.0,6127000.0,,EUR,EQUITY,,,,
GAMB.MI,Communication Services,Publishing,3612250.0,14449000.0,,EUR,EQUITY,Gambero Rosso S.p.A.,0.244,0.254,4.016064257028116
GCOM.MI,Consumer Cyclical,Internet Retail,7304104.0,12072900.0,,EUR,EQUITY,Giglio.com S.p.A.,0.58,0.615,5.8577405857740645
GDT.MI,Industrials,Marine Shipping,,,,EUR,EQUITY,,2.5805,2.69,4.155203491129879
GE.MI,Technology,Electronic Components,156927632.0,14201595.0,6271566.0,EUR,EQUITY,Gefran S.p.A.,11.05,11.1,0.4514672686230152
GEL.MI,Industrials,Pollution & Treatment Controls,15428874.0,6271900.0,922534.0,EUR,EQUITY,Gel S.p.A.,2.0,2.46,20.62780269058296
GEO.MI,Consumer Cyclical,Footwear & Accessories,103443168.0,366170490.0,104589277.0,EUR,EQUITY,Geox S.p.A.,0.28,0.2825,0.88888888888887
GF.MI,Financial Services,Credit Services,267863408.0,12635066.0,6270025.0,EUR,EQUITY,Generalfinance S.p.A.,21.1,21.2,0.47281323877067555
GHC.MI,Healthcare,Medical Care Facilities,497968192.0,88292234.0,24884957.0,EUR,EQUITY,Garofalo Health Care S.p.A.,5.64,5.66,0.3539823008849639
GIS.MI,Consumer Cyclical,Luxury Goods,6669308.0,4091600.0,1591591.0,EUR,EQUITY,Gismondi 1754 S.p.A.,1.57,1.63,3.7499999999999893
GM.MI,Consumer Cyclical,Textile Manufacturing,60000000.0,20000000.0,12110400.0,EUR,EQUITY,Gentili Mosconi S.p.A.,2.98,3.2,7.1197411003236315
GML.MI,Consumer Cyclical,Textile Manufacturing,12004510.0,17149300.0,,EUR,EQUITY,G.M. Leather S.p.A.,0.67,0.7,4.379562043795608
GMS.MI,Consumer Defensive,Education & Training Services,16750000.0,12500000.0,9236000.0,EUR,EQUITY,Giocamondo Study S.p.A.,1.34,1.39,3.66300366300365
GPI.MI,Healthcare,Health Information Services,402128320.0,28888528.0,7905635.0,EUR,EQUITY,GPI S.p.A.,13.88,13.94,0.43134435657799225
GPSY.MI,Healthcare,Medical Devices,,,,EUR,EQUITY,,4.053,4.2,3.5623409669211252
GRAL.MI,Consumer Cyclical,Packaging & Containers,7056925.0,11382138.0,4163928.0,EUR,EQUITY,Grifal S.p.A.,0.61,0.63,3.225806451612906
GRN.MI,Basic Materials,Chemicals,14859702.0,25031500.0,25087135.0,EUR,EQUITY,Green Oleo S.p.A.,0.462,0.468,1.2903225806451624
GROW.MI,Technology,Software - Application,26532252.0,13964343.0,13401161.0,EUR,EQUITY,Growens S.p.A.,1.87,1.9,1.5915119363395123
GSP.MI,Energy,Oil & Gas E&P,260566208.0,43572943.0,9406091.0,EUR,EQUITY,Gas Plus S.p.A.,5.95,5.98,0.5029337803855868
GT.MI,Communication Services,Entertainment,304000.0,1900000.0,,EUR,EQUITY,GT Talent Group S.p.A.,,,
GVS.MI,Industrials,Pollution & Treatment Controls,890437376.0,187460494.0,68059407.0,EUR,EQUITY,GVS S.p.A.,4.745,4.775,0.6302521008403413
HER.MI,Utilities,Utilities - Diversified,5646461952.0,1474272103.0,93468851.0,EUR,EQUITY,Hera S.p.A.,,,
HIK.MI,Industrials,Waste Management,113079360.0,129086033.0,85257452.0,EUR,EQUITY,,0.876,0.879,0.3418803418803422
HLX.MI,Healthcare,Biotechnology,19146026.0,26444787.0,,EUR,EQUITY,Helyx Industries S.p.A.,0.724,0.734,1.3717421124828544
HQF.MI,Consumer Defensive,Food Distribution,5609604.0,11219208.0,3361500.0,EUR,EQUITY,High Quality Food S.p.A.,0.5,0.51,1.980198019801982
HZY.MI,Real Estate,Real Estate Services,39550132.0,10193333.0,,EUR,EQUITY,Homizy SIIQ S.p.A.,,,
IB.MI,Utilities,Utilities - Renewable,43080260.0,5351585.0,1132556.0,EUR,EQUITY,Iniziative Bresciane S.p.A.,8.0,8.05,0.6230529595015665
ICC.MI,Industrials,Specialty Business Services,5481756.0,4766745.0,,EUR,EQUITY,International Care Company S.p.A.,1.13,1.17,3.478260869565221
ICF.MI,Basic Materials,Specialty Chemicals,34929376.0,5588700.0,,EUR,EQUITY,Industrie Chimiche Forestali S.p.A.,6.2,6.25,0.8032128514056197
ICOP.MI,Industrials,Engineering & Construction,924776640.0,31888850.0,4854847.0,EUR,EQUITY,I.CO.P. S.p.A. Società Benefit,29.0,29.2,0.6872852233676952
ICOS.MI,Consumer Defensive,Household & Personal Products,1283364352.0,93813187.0,28285908.0,EUR,EQUITY,Intercos S.p.A.,13.68,13.72,0.2919708029197148
IDNTT.MI,Communication Services,Entertainment,28940738.0,9100861.0,7554861.0,EUR,EQUITY,IDNTT SA,3.12,3.2,2.531645569620255
IEG.MI,Communication Services,Advertising Agencies,441368352.0,30544524.0,4548180.0,EUR,EQUITY,Italian Exhibition Group S.p.A.,14.45,14.5,0.3454231433506094
IF.MI,Financial Services,Banks - Regional,915584256.0,61079670.0,34749557.0,EUR,EQUITY,Banca IFIS S.p.A.,14.99,15.0,0.06668889629876483
IG.MI,Utilities,Utilities - Regulated Gas,8781762560.0,1017585488.0,624216333.0,EUR,EQUITY,Italgas S.p.A.,8.624,8.63,0.06954909006607427
IGD.MI,Real Estate,REIT - Retail,435298816.0,110341903.0,54188909.0,EUR,EQUITY,Immobiliare Grande Distribuzione SIIQ S.p.A.,3.94,3.95,0.25348542458809203
IGV.MI,Consumer Cyclical,Resorts & Casinos,87388712.0,47597339.0,12760847.0,EUR,EQUITY,I Grandi Viaggi S.p.A.,1.836,1.856,1.0834236186348871
ILLA.MI,,,359641.0,3596418536.0,,EUR,MUTUALFUND,Illa S.p.A.,,,
ILP.MI,Industrials,Specialty Industrial Machinery,93229024.0,12186800.0,3517692.0,EUR,EQUITY,ILPRA S.p.A.,7.55,7.7,1.967213114754103
IMD.MI,Healthcare,Medical Devices,22690740.0,17321175.0,2259028.0,EUR,EQUITY,I.M.D. International Medical Devices S.p.A.,1.23,1.31,6.2992125984252025
IMS.MI,Consumer Cyclical,Auto Manufacturers,178437712.0,340530000.0,18640612.0,EUR,EQUITY,Immsi S.p.A.,0.52,0.524,0.7662835249042153
INC.MI,Utilities,Utilities - Regulated Electric,20495310.0,96448508.0,52706216.0,EUR,EQUITY,Innovatec S.p.A.,0.2085,0.212,1.664684898929847
INDB.MI,Consumer Cyclical,Auto Parts,99523848.0,5224349.0,1247215.0,EUR,EQUITY,Indel B S.p.A.,19.05,19.3,1.303780964797914
INW.MI,Real Estate,Real Estate Services,5530048512.0,902344843.0,291880669.0,EUR,EQUITY,Infrastrutture Wireless Italiane S.p.A.,6.12,6.125,0.08166598611678061
IOT.MI,Technology,Computer Hardware,467727552.0,132497219.0,57751999.0,EUR,EQUITY,Seco S.p.A.,3.53,3.545,0.4240282685512403
IP.MI,Industrials,Specialty Industrial Machinery,3789697280.0,105094207.0,48857246.0,EUR,EQUITY,Interpump Group S.p.A.,36.04,36.08,0.11092623405435148
IRC.MI,Industrials,Electrical Equipment & Parts,62342700.0,26416400.0,12351252.0,EUR,EQUITY,IRCE S.p.A.,2.31,2.36,2.141327623126331
IRE.MI,Utilities,Utilities - Diversified,3187160064.0,1283075732.0,604803534.0,EUR,EQUITY,Iren SpA,2.484,2.486,0.08048289738431483
ISC.MI,Financial Services,Credit Services,12616285.0,12900087.0,5050126.0,EUR,EQUITY,Integrated System Credit Consulting Fintech S.p.A.,0.9,0.978,8.306709265175714
ISP.MI,Financial Services,Banks - Regional,119119749120.0,17476489462.0,15520757644.0,EUR,EQUITY,,6.815,6.818,0.04401085601113806
ITD.MI,Communication Services,Telecom Services,141604224.0,15560903.0,4759122.0,EUR,EQUITY,Intred S.p.A.,8.94,9.1,1.7738359201773852
ITM.MI,Consumer Defensive,Packaged Foods,1090618368.0,42015947.0,16134964.0,EUR,EQUITY,Italmobiliare S.p.A.,25.9,26.0,0.3853564547206221
ITW.MI,Technology,Information Technology Services,9827818.0,10410824.0,5386248.0,EUR,EQUITY,Itway S.p.A.,0.932,0.944,1.2793176972281344
IVG.MI,Industrials,Farm & Heavy Construction Machinery,3714205952.0,266346803.0,166453435.0,EUR,EQUITY,Iveco Group N.V.,13.94,13.95,0.07171029042667469
IVN.MI,Consumer Cyclical,Footwear & Accessories,12199164.0,8590961.0,2892328.0,EUR,EQUITY,iVision Tech S.p.A.,1.39,1.435,3.185840707964612
IWB.MI,Consumer Defensive,Beverages - Wineries & Distilleries,175215568.0,9310073.0,7190473.0,EUR,EQUITY,Italian Wine Brands S.p.A.,18.66,18.82,0.853788687299894
JUVE.MI,Communication Services,Entertainment,854919616.0,417033996.0,417033996.0,EUR,EQUITY,Juventus Football Club S.p.A.,2.05,2.052,0.09751340809362377
KK.MI,Financial Services,Credit Services,43893672.0,2411740114.0,799323123.0,EUR,EQUITY,Kruso Kapital S.p.A.,0.0182,0.0184,1.0928961748633814
KLN.MI,Consumer Cyclical,Travel Services,55511252.0,14125000.0,,EUR,EQUITY,,3.89,3.93,1.0230179028133002
KME.MI,Basic Materials,Copper,261761120.0,270231550.0,53386298.0,EUR,EQUITY,KME Group S.p.A.,0.9,0.94,4.3478260869565135
KMER.MI,Basic Materials,Copper,398219936.0,14211262.0,53386298.0,EUR,EQUITY,KME Group S.p.A.,1.38,1.4,1.4388489208633106
LDB.MI,Industrials,Integrated Freight & Logistics,123495056.0,9499620.0,,EUR,EQUITY,Lindbergh S.p.A.,12.95,13.0,0.3853564547206221
LDO.MI,Industrials,Aerospace & Defense,33753591808.0,576885870.0,403078359.0,EUR,EQUITY,Leonardo S.p.a.,58.5,58.53,0.05126890540887146
LFG.MI,Communication Services,Entertainment,18035968.0,14090599.0,4717673.0,EUR,EQUITY,Leone Film Group S.p.A.,1.25,1.3,3.9215686274509842
LMG.MI,Communication Services,Entertainment,16340984.0,14855440.0,1748040.0,EUR,EQUITY,Lucisano Media Group S.p.A.,1.07,1.11,3.6697247706422047
LNDR.MI,Consumer Cyclical,Auto Parts,29338010.0,32936965.0,3945375.0,EUR,EQUITY,Landi Renzo S.p.A.,0.682,0.688,0.8759124087591086
LON.MI,Consumer Defensive,Food Distribution,6311490.0,6249000.0,0.0,EUR,EQUITY,Longino & Cardenal S.p.A.,0.975,1.02,4.5112781954887256
LS.MI,Technology,Solar,11557601.0,8625075.0,1383031.0,EUR,EQUITY,,1.34,1.37,2.214022140221404
LTMC.MI,Consumer Cyclical,Gambling,5528320000.0,232771360.0,209060079.0,EUR,EQUITY,Lottomatica Group S.p.A.,23.74,23.75,0.04211412929038351
LTX.MI,Industrials,Specialty Industrial Machinery,5015250.0,5687000.0,5687026.0,EUR,EQUITY,Litix S.p.A.,0.735,0.75,2.020202020202022
LUVE.MI,Industrials,Building Products & Equipment,1228010624.0,22206341.0,6505126.0,EUR,EQUITY,LU-VE S.p.A.,55.1,55.3,0.36231884057970243
MAIRE.MI,Industrials,Engineering & Construction,3914832640.0,326508150.0,145067571.0,EUR,EQUITY,Maire S.p.A.,11.97,11.99,0.16694490818029695
MAPS.MI,Technology,Software - Application,35498712.0,13003191.0,,EUR,EQUITY,Maps S.p.A.,2.69,2.73,1.4760147601476028
MARE.MI,Industrials,Engineering & Construction,94442688.0,19195667.0,8144974.0,EUR,EQUITY,Mare Group S.p.A.,4.92,4.93,0.20304568527918349
MARK.MI,Consumer Cyclical,Leisure,15522240.0,10488000.0,3740021.0,EUR,EQUITY,Markbass S.p.A.,1.44,1.5,4.081632653061228
MARP.MI,Industrials,Specialty Industrial Machinery,14278320.0,6374250.0,1828253.0,EUR,EQUITY,Marzocchi Pompe S.p.A.,2.2,2.28,3.5714285714285543
MARR.MI,Consumer Defensive,Food Distribution,398202240.0,62610417.0,29068764.0,EUR,EQUITY,MARR S.p.A.,6.34,6.36,0.3149606299212671
MASI.MI,Consumer Defensive,Beverages - Wineries & Distilleries,138249984.0,32151156.0,,EUR,EQUITY,Masi Agricola S.p.A.,4.18,4.3,2.8301886792452855
MB.MI,Financial Services,Banks - Regional,22986227712.0,806534267.0,769519393.0,EUR,EQUITY,Mediobanca Banca di Credito Finanziario S.p.A.,28.47,28.5,0.105318588730915
MET.MI,Financial Services,Asset Management,11988770.0,581365.0,636335.0,EUR,EQUITY,Met.Extra Group S.p.A.,2.5,2.58,3.1496062992126013
MEV.MI,Real Estate,Real Estate Services,1171198.0,8740290.0,,EUR,EQUITY,Mevim S.p.A.,0.121,0.13,7.171314741035863
MFEA.MI,Communication Services,Broadcasting,1873609472.0,469897609.0,436170403.0,EUR,EQUITY,MFE-Mediaforeurope N.V.,2.678,2.682,0.14925373134328374
MFEB.MI,Communication Services,Broadcasting,2571840512.0,229732507.0,436170403.0,EUR,EQUITY,MFE-Mediaforeurope N.V.,3.674,3.68,0.16317650258363414
MFT.MI,Technology,Computer Hardware,69814616.0,34561691.0,31435240.0,EUR,EQUITY,Matica Fintec S.p.A.,2.02,2.06,1.960784313725492
MGS.MI,Basic Materials,Specialty Chemicals,54225704.0,5768692.0,,EUR,EQUITY,Magis S.p.A.,9.3,9.5,2.1276595744680775
MN.MI,Communication Services,Publishing,540314880.0,259143830.0,121437265.0,EUR,EQUITY,Arnoldo Mondadori Editore S.p.A.,2.075,2.085,0.4807692307692205
MNL.MI,Consumer Cyclical,Apparel Manufacturing,3652674.0,6087790.0,1945406.0,EUR,EQUITY,Monnalisa S.p.A.,0.6,0.624,3.921568627450984
MOL.MI,Financial Services,Credit Services,1416344832.0,37223256.0,10699662.0,EUR,EQUITY,Moltiply Group S.p.A.,38.05,38.25,0.5242463958060363
MONC.MI,Consumer Cyclical,Apparel Manufacturing,12976629760.0,271989727.0,221976215.0,EUR,EQUITY,Moncler S.p.A.,47.7,47.72,0.04191993292809897
MPT.MI,Technology,Information Technology Services,7782259.0,7667250.0,,EUR,EQUITY,Impianti S.P.A.,0.974,1.015,4.1226747109099975
MQSPA.MI,Communication Services,Internet Content & Information,2753770.0,12574294.0,51992190.0,EUR,EQUITY,MeglioQuesto S.p.A.,0.196,0.265,29.934924078091107
MS.MI,Consumer Defensive,Packaged Foods,23428928.0,29965801.0,26519834.0,EUR,EQUITY,Misitano & Stracuzzi S.p.A.,0.68,0.698,2.6124818577648625
MTK.MI,Technology,Software - Application,36166880.0,8774832.0,4107424.0,EUR,EQUITY,Metriks AI S.p.A. Società Benefit,3.42,3.82,11.049723756906076
MTS.MI,Financial Services,Asset Management,3141568.0,2080509.0,,EUR,EQUITY,MiT Sim S.p.A.,1.38,1.54,10.958904109589051
MTV.MI,Communication Services,Entertainment,3638353.0,109920045.0,,EUR,EQUITY,Mondo TV S.p.A.,0.0321,0.0331,3.0674846625766903
MTVFR.MI,Communication Services,Entertainment,154131.0,61652676.0,20248585.0,EUR,EQUITY,Mondo TV France Société Anonyme,0.002,0.0025,22.22222222222222
NDT.MI,Basic Materials,Paper & Paper Products,72798992.0,13684021.0,5366807.0,EUR,EQUITY,Neodecortech S.p.A.,5.3,5.32,0.37664783427496157
NEXI.MI,Technology,Software - Infrastructure,4851596800.0,1174720768.0,459550764.0,EUR,EQUITY,Nexi S.p.A.,4.133,4.135,0.0483792936623072
NOVA.MI,Consumer Cyclical,Recreational Vehicles,110620576.0,12499500.0,2499525.0,EUR,EQUITY,Novamarine S.p.A.,7.65,9.0,16.216216216216214
NPI.MI,Communication Services,Entertainment,17286686.0,21881880.0,4747930.0,EUR,EQUITY,Notorious Pictures S.p.A.,0.77,0.795,3.194888178913741
NRST.MI,Technology,Information Technology Services,16374140.0,25584594.0,21408165.0,EUR,EQUITY,Neurosoft Software Production S.A.,0.55,0.8,37.03703703703704
NSP.MI,Technology,Software - Application,9137666.0,20767422.0,18459746.0,EUR,EQUITY,Neosperience S.p.A.,,,
NUS.MI,Industrials,Building Products & Equipment,14341155.0,33664683.0,4195763.0,EUR,EQUITY,Nusco S.p.A.,0.421,0.43,2.1151586368977693
NWL.MI,Consumer Defensive,Packaged Foods,667720704.0,41039994.0,14188348.0,EUR,EQUITY,NewPrinces S.p.A.,16.27,16.32,0.30684258975146184
NXT.MI,Energy,Oil & Gas Equipment & Services,756000000.0,46500000.0,37323360.0,EUR,EQUITY,Next Geosolutions Europe SpA,15.75,15.8,0.31695721077654965
OEC.MI,Consumer Cyclical,Internet Retail,1110833.0,40566392.0,2910176.0,EUR,EQUITY,Ops eCom S.p.A.,0.02,0.0286,35.39094650205761
OLI.MI,Technology,Information Technology Services,30703246.0,19285958.0,5306338.0,EUR,EQUITY,Olidata S.p.A.,1.594,1.616,1.370716510903428
OMER.MI,Industrials,Tools & Accessories,94210488.0,28635408.0,28542629.0,EUR,EQUITY,OMER S.p.A.,3.26,3.29,0.9160305343511527
OPR.MI,Communication Services,Advertising Agencies,804235.0,40639132.0,35866413.0,EUR,EQUITY,OPS Retail S.p.A.,0.008,0.013,47.61904761904762
OPS.MI,Utilities,Utilities - Regulated Gas,1576510.0,12442300.0,14514469.0,EUR,EQUITY,Ops Italia S.p.A.,0.0808,0.1395,53.290966863368155
OPTS.MI,Industrials,Consulting Services,8550900.0,7917500.0,376636.0,EUR,EQUITY,OPT S.p.A.,1.07,1.08,0.9302325581395355
OROX.MI,Consumer Cyclical,Luxury Goods,969600064.0,101000000.0,0.0,EUR,EQUITY,,9.6,9.795,2.0108275328692993
ORS.MI,Consumer Defensive,Food Distribution,274188480.0,17136781.0,9769349.0,EUR,EQUITY,Orsero S.p.A.,15.98,16.02,0.24999999999999467
OS.MI,Industrials,Aerospace & Defense,791073920.0,17386241.0,,EUR,EQUITY,Officina Stellare S.p.A.,45.2,46.4,2.6200873362445325
OSA.MI,Industrials,Specialty Industrial Machinery,6162025.0,16130957.0,,EUR,EQUITY,OSAI Automation System S.p.A.,0.349,0.39,11.096075778078493
OTO.MI,Healthcare,Medical Devices,15700081.0,5947000.0,,EUR,EQUITY,Otofarma S.P.A.,2.5,2.62,4.687500000000004
OVS.MI,Consumer Cyclical,Apparel Manufacturing,1466265088.0,242759125.0,160636446.0,EUR,EQUITY,OVS S.p.A.,6.035,6.045,0.16556291390728123
PAG.MI,Industrials,Aerospace & Defense,22309164.0,2348333.0,,EUR,EQUITY,Porto Aviation Group S.p.A.,8.75,10.1,14.323607427055698
PFI.MI,Financial Services,Credit Services,2397974.0,3867700.0,501016.0,EUR,EQUITY,Premia Finance S.p.A.,0.555,0.62,11.063829787234033
PHIL.MI,Healthcare,Biotechnology,980040768.0,28879832.0,10746222.0,EUR,EQUITY,Philogen S.p.A.,24.3,24.45,0.6153846153846095
PHN.MI,Healthcare,Drug Manufacturers - Specialty & Generic,763142080.0,9575183.0,3282048.0,EUR,EQUITY,Pharmanutra S.p.A.,79.5,79.7,0.25125628140703876
PIA.MI,Consumer Cyclical,Auto Manufacturers,706005248.0,352298042.0,172265206.0,EUR,EQUITY,Piaggio & C. SpA,,,
PINF.MI,Consumer Cyclical,Auto Manufacturers,64342148.0,78657878.0,12089716.0,EUR,EQUITY,Pininfarina S.p.A.,0.82,0.832,1.4527845036319627
PIRC.MI,Consumer Cyclical,Auto Parts,7089703424.0,1084881933.0,579663266.0,EUR,EQUITY,Pirelli & C. S.p.A.,6.53,6.54,0.15302218821728825
PLC.MI,Industrials,Engineering & Construction,79698968.0,25960575.0,6871764.0,EUR,EQUITY,PLC S.p.A.,3.07,3.08,0.3252032520325278
PLN.MI,Communication Services,Telecom Services,25924216.0,6579750.0,2071240.0,EUR,EQUITY,Planetel S.p.A.,3.9,3.96,1.5267175572519098
PMED.MI,Healthcare,Pharmaceutical Retailers,36830000.0,6350000.0,3687868.0,EUR,EQUITY,,5.2,5.8,10.909090909090903
PMT.MI,Industrials,Consulting Services,50176352.0,16951470.0,2703170.0,EUR,EQUITY,Promotica S.p.A.,2.92,2.96,1.3605442176870761
POPR.MI,Communication Services,Publishing,14574640.0,30490881.0,,EUR,EQUITY,Poligrafici Printing S.p.A.,0.47,0.48,2.105263157894739
POR.MI,Communication Services,Advertising Agencies,5448492.0,5315602.0,2444007.0,EUR,EQUITY,Portobello S.p.A.,1.0,1.06,5.825242718446607
POZ.MI,Consumer Cyclical,"Furnishings, Fixtures & Appliances",19165436.0,34846250.0,11572788.0,EUR,EQUITY,Pozzi Milano S.p.A.,0.54,0.55,1.8348623853211024
PQ.MI,Consumer Cyclical,Footwear & Accessories,118268000.0,47307200.0,13038810.0,EUR,EQUITY,Piquadro S.p.A.,2.49,2.5,0.4008016032064043
PRE.MI,Healthcare,Medical Devices,7049425.0,5821000.0,1878986.0,EUR,EQUITY,Predict S.p.A.,0.915,0.925,1.0869565217391313
PRO.MI,Financial Services,Banks - Regional,112996240.0,66079671.0,23770840.0,EUR,EQUITY,Banca Profilo S.p.A.,1.71,1.72,0.5830903790087469
PRT.MI,Technology,Electronics & Computer Distribution,343625408.0,49442502.0,27167196.0,EUR,EQUITY,Esprinet S.p.A.,6.94,6.97,0.43134435657799225
PRY.MI,Industrials,Electrical Equipment & Parts,36048949248.0,292249275.0,292249275.0,EUR,EQUITY,,123.3,123.35,0.04054327995134576
PSQ.MI,Consumer Cyclical,Auto & Truck Dealerships,26324780.0,24834700.0,3714774.0,EUR,EQUITY,Pasquarelli Auto S.p.A.,1.04,1.05,0.9569377990430631
PST.MI,Industrials,Conglomerates,34993274880.0,1292218528.0,453611917.0,EUR,EQUITY,Poste Italiane S.p.A.,27.07,27.09,0.07385524372230272
PTR.MI,Consumer Cyclical,Apparel Manufacturing,39155540.0,14944864.0,3296506.0,EUR,EQUITY,Pattern S.p.A.,2.52,2.64,4.651162790697678
PWS.MI,Technology,Consumer Electronics,188854944.0,12847275.0,,EUR,EQUITY,Powersoft S.p.A.,14.7,14.8,0.6779661016949249
RACE.MI,Consumer Cyclical,Auto Manufacturers,63864152064.0,175764832.0,173546934.0,EUR,EQUITY,Ferrari N.V.,363.25,363.65,0.11005640390699609
RAD.MI,Consumer Cyclical,"Furnishings, Fixtures & Appliances",8148936.0,8809661.0,,EUR,EQUITY,Radici Pietro Industries & Brands S.p.A.,0.91,0.945,3.773584905660369
RAT.MI,Consumer Cyclical,Textile Manufacturing,28717498.0,27350000.0,3954263.0,EUR,EQUITY,Ratti S.p.A.,1.06,1.09,2.7906976744186065
RCS.MI,Communication Services,Publishing,479616576.0,517385720.0,131382429.0,EUR,EQUITY,RCS MediaGroup S.p.A.,0.927,0.931,0.4305705059203448
RDF.MI,Utilities,Utilities - Renewable,122909496.0,11465437.0,,EUR,EQUITY,Redelfi S.p.A.,10.66,10.72,0.5612722170252619
RDUE.MI,Industrials,Specialty Industrial Machinery,66250004.0,2875000.0,2875000.0,EUR,EQUITY,ErreDue S.p.A.,10.5,10.6,0.9478672985781956
REC.MI,Healthcare,Drug Manufacturers - General,10814132224.0,204813111.0,101972352.0,EUR,EQUITY,Recordati Industria Chimica e Farmaceutica S.p.A.,52.8,52.85,0.09465215333649647
RES.MI,Industrials,Waste Management,126230520.0,16142010.0,5728394.0,EUR,EQUITY,Recupero Etico Sostenibile S.p.A.,7.1,7.82,9.651474530831107
RETI.MI,Technology,Information Technology Services,20302190.0,12157000.0,12193000.0,EUR,EQUITY,Reti S.p.A.,1.64,1.68,2.40963855421687
REVO.MI,Financial Services,Insurance - Property & Casualty,708011200.0,29076435.0,23954621.0,EUR,EQUITY,REVO Insurance S.p.A.,24.3,24.4,0.4106776180698064
REY.MI,Technology,Information Technology Services,4399349248.0,36328236.0,22209254.0,EUR,EQUITY,Reply S.p.A.,120.7,120.9,0.1655629139072871
RFG.MI,Consumer Cyclical,Leisure,142882544.0,27477412.0,13180503.0,EUR,EQUITY,Racing Force S.P.A.,5.02,5.36,6.551059730250496
RFLTC.MI,Financial Services,Asset Management,32896394.0,27413660.0,,EUR,EQUITY,RedFish LongTerm Capital S.p.A.,1.19,1.21,1.6666666666666683
RKT.MI,Technology,Software - Application,7353376.0,18952000.0,,EUR,EQUITY,Rocket Sharing Company S.p.A.,0.378,0.392,3.6363636363636394
RMT.MI,Consumer Cyclical,Specialty Retail,4600220.0,2300110.0,,EUR,EQUITY,Riba Mundo Tecnología S.A.,1.7,1.98,15.21739130434783
RN.MI,Real Estate,Real Estate Services,58527436.0,1800844234.0,832170121.0,EUR,EQUITY,Risanamento SpA,0.0321,0.0325,1.238390092879271
RNV.MI,Industrials,Engineering & Construction,7224387.0,11200600.0,,EUR,EQUITY,Renovalo S.p.A.,0.625,0.645,3.1496062992126013
RPTN.MI,Industrials,Specialty Business Services,5115000.0,3000000.0,272712.0,EUR,EQUITY,Rino Petino S.p.A.,1.41,1.55,9.459459459459469
RTL.MI,Industrials,Integrated Freight & Logistics,48485248.0,10827608.0,,EUR,EQUITY,RT&L S.p.A.,3.955,4.05,2.3735165521548973
RWAY.MI,Industrials,Engineering & Construction,1265998336.0,268504421.0,94057099.0,EUR,EQUITY,Rai Way S.p.A.,4.71,4.72,0.21208907741250874
RWY.MI,Industrials,Infrastructure Operations,391928480.0,31304802.0,24253389.0,EUR,EQUITY,Reway Group S.p.A.,10.1,10.2,0.985221674876844
S3D.MI,Technology,Computer Hardware,7131890.0,15348293.0,14938495.0,EUR,EQUITY,Solid World Group S.p.A.,0.382,0.392,2.583979328165377
SAB.MI,Consumer Cyclical,"Furnishings, Fixtures & Appliances",142285776.0,12316543.0,5119080.0,EUR,EQUITY,Sabaf S.p.A.,11.55,11.65,0.8620689655172382
SAC.MI,Consumer Cyclical,Packaging & Containers,11375650.0,8750500.0,1500536.0,EUR,EQUITY,Saccheria F.lli Franceschetti S.p.A.,1.27,1.32,3.861003861003865
SBC.MI,Industrials,Rental & Leasing Services,97612424.0,31942880.0,,EUR,EQUITY,Sicily by Car S.p.A.,2.87,2.93,2.068965517241381
SCK.MI,Industrials,Building Products & Equipment,20993612.0,22357414.0,9038655.0,EUR,EQUITY,Sciuker Frames S.p.A.,0.6,1.19,65.92178770949721
SEIF.MI,Communication Services,Publishing,5416107.0,22567115.0,,EUR,EQUITY,Società Editoriale Il Fatto S.p.A.,0.23,0.238,3.41880341880341
SERI.MI,Utilities,Utilities - Renewable,129819496.0,53979002.0,13237066.0,EUR,EQUITY,Seri Industrial S.p.A.,2.4,2.405,0.20811654526534418
SES.MI,Technology,Information Technology Services,1371742336.0,15140644.0,6700189.0,EUR,EQUITY,SeSa S.p.A.,90.6,90.8,0.22050716648291385
SFER.MI,Consumer Cyclical,Luxury Goods,1546776832.0,165607786.0,63393603.0,EUR,EQUITY,Salvatore Ferragamo S.p.A.,9.335,9.355,0.21401819154627685
SFL.MI,Healthcare,Medical Instruments & Supplies,747489088.0,391355548.0,210129571.0,EUR,EQUITY,,1.907,1.911,0.20953378732320604
SFT.MI,Communication Services,Telecom Services,18298072.0,13454464.0,902929.0,EUR,EQUITY,Softlab S.p.A.,1.33,1.36,2.2304832713754665
SGC.MI,Industrials,Specialty Business Services,11457904.0,19370100.0,11980634.0,EUR,EQUITY,SG Company S.p.A.,0.298,0.308,3.3003300330033034
SGF.MI,Consumer Cyclical,Auto Parts,243326048.0,119277480.0,40923119.0,EUR,EQUITY,Sogefi S.p.A.,2.04,2.05,0.48899755501221454
SIAV.MI,Technology,Software - Application,30798062.0,10620021.0,1746474.0,EUR,EQUITY,Siav S.p.A.,2.84,2.92,2.7777777777777803
SIT.MI,Industrials,Specialty Industrial Machinery,61018556.0,24604255.0,,EUR,EQUITY,SIT S.p.A.,2.4,2.48,3.278688524590167
SL.MI,Consumer Cyclical,Recreational Vehicles,1379842432.0,35416899.0,9787180.0,EUR,EQUITY,Sanlorenzo S.p.A.,38.94,39.04,0.2564760194921812
SMCAP.MI,Financial Services,Asset Management,53129148.0,32611617.0,17403658.0,EUR,EQUITY,Smart Capital S.p.A.,,,
SMN.MI,Communication Services,Publishing,10231790.0,5561000.0,5700000.0,EUR,EQUITY,Simone S.p.A.,1.37,1.48,7.719298245614026
SOGES.MI,Consumer Cyclical,Resorts & Casinos,9787021.0,6041371.0,1344084.0,EUR,EQUITY,Soges Group S.p.A.,1.51,1.62,7.028753993610231
SOL.MI,Basic Materials,Specialty Chemicals,4779890176.0,90700000.0,33543581.0,EUR,EQUITY,SOL S.p.A.,52.6,52.7,0.18993352326685928
SOM.MI,Industrials,Engineering & Construction,149258608.0,7280907.0,1660192.0,EUR,EQUITY,Somec S.p.A.,20.5,20.7,0.9708737864077635
SOS.MI,Consumer Cyclical,Travel Services,3783670.0,13092286.0,3781346.0,EUR,EQUITY,Sostravel.com S.p.A.,0.28,0.289,3.1634446397187883
SPM.MI,Energy,Oil & Gas Equipment & Services,,,1261358379.0,EUR,EQUITY,,4.533,4.534,0.022058012573054942
SRG.MI,Utilities,Utilities - Regulated Gas,19396474880.0,3355791415.0,2054427026.0,EUR,EQUITY,Snam S.p.A.,,,
SSL.MI,Communication Services,Entertainment,111430512.0,67738911.0,22330132.0,EUR,EQUITY,S.S. Lazio S.p.A.,1.635,1.645,0.6097560975609762
STLAM.MI,Consumer Cyclical,Auto Manufacturers,17616007168.0,2900941252.0,2444536165.0,EUR,EQUITY,Stellantis N.V.,4.6775,4.6795,0.042748744255632784
STMMI.MI,Technology,Semiconductors,39076077568.0,892453480.0,641677526.0,EUR,EQUITY,STMicroelectronics N.V.,43.84,43.85,0.022807617744322068
SVS.MI,Healthcare,Medical Devices,42736184.0,5211730.0,1690968.0,EUR,EQUITY,Svas Biosana S.p.A.,8.08,8.2,1.4742014742014644
SYS.MI,Technology,Information Technology Services,218265856.0,30399144.0,12533783.0,EUR,EQUITY,SYS-DAT S.p.A.,7.18,7.24,0.8321775312066644
TALEA.MI,Healthcare,Pharmaceutical Retailers,40736832.0,8486840.0,4345891.0,EUR,EQUITY,Talea Group S.p.A.,4.5,5.96,27.91586998087954
TB.MI,Communication Services,Advertising Agencies,10155340.0,27822848.0,11439642.0,EUR,EQUITY,Triboo S.p.A.,0.355,0.363,2.2284122562674114
TCG.MI,Industrials,Consulting Services,58564492.0,14496162.0,,EUR,EQUITY,Tecno S.p.a.,3.98,4.08,2.481389578163774
TCM.MI,Real Estate,Real Estate Services,11665466.0,8609200.0,3228450.0,EUR,EQUITY,Tecma Solutions S.p.A.,1.31,1.35,3.0075187969924837
TEN.MI,Energy,Oil & Gas Equipment & Services,23140943872.0,1009639756.0,318763464.0,EUR,EQUITY,Tenaris S.A.,22.91,22.93,0.0872600349040121
TES.MI,Industrials,Specialty Industrial Machinery,241902848.0,601748321.0,512610930.0,EUR,EQUITY,Tesmec S.p.A.,0.402,0.4045,0.6199628022318666
TFIN.MI,Industrials,Engineering & Construction,302053248.0,65578216.0,58935143.0,EUR,EQUITY,TREVI - Finanziaria Industriale S.p.A.,4.602,4.606,0.08688097306688877
TGYM.MI,Consumer Cyclical,Leisure,2606731008.0,199291355.0,82889260.0,EUR,EQUITY,Technogym S.p.A.,13.06,13.09,0.22944550669215574
TIME.MI,Consumer Defensive,Beverages - Wineries & Distilleries,5681237.0,14346558.0,3845738.0,EUR,EQUITY,Compagnia dei Caraibi S.p.A.,0.396,0.398,0.5037783375314866
TIP.MI,Financial Services,Asset Management,1563213952.0,161489042.0,81249449.0,EUR,EQUITY,Tamburi Investment Partners S.p.A.,9.66,9.68,0.20682523267838235
TISG.MI,Consumer Cyclical,Leisure,66461996.0,53000000.0,17498654.0,EUR,EQUITY,The Italian Sea Group S.p.A.,1.252,1.264,0.9538950715421312
TIT.MI,Communication Services,Telecom Services,16415435776.0,2133259939.0,1619628781.0,EUR,EQUITY,Telecom Italia S.p.A.,7.694,7.695,0.012996296055628487
TLM.MI,Industrials,Specialty Industrial Machinery,4740610.0,2765920.0,695000.0,EUR,EQUITY,Techno Electrical Management Equipment Solutions S.p.A.,1.585,1.6,0.9419152276295212
TLS.MI,Communication Services,Broadcasting,9134252.0,2624785.0,,EUR,EQUITY,Telesia S.p.A.,3.3,3.4,2.9850746268656745
TMP.MI,Communication Services,Advertising Agencies,8194240.0,1411600.0,,EUR,EQUITY,TMP Group S.p.A.,5.54,5.8,4.585537918871249
TNX.MI,Consumer Cyclical,Auto Manufacturers,3057382.0,3683593.0,3176510.0,EUR,EQUITY,Tenax International S.p.A.,0.825,0.84,1.8018018018018034
TNXT.MI,Technology,Information Technology Services,688376320.0,45891755.0,34120520.0,EUR,EQUITY,Tinexta S.p.A.,15.0,15.04,0.26631158455392245
TPRO.MI,Technology,Semiconductors,17903329280.0,640319348.0,82793292.0,EUR,EQUITY,Technoprobe S.p.A.,27.96,27.98,0.07150518412584761
TPS.MI,Industrials,Airports & Air Services,55710352.0,7096860.0,,EUR,EQUITY,Technical Publications Service S.p.A.,7.65,7.85,2.5806451612903136
TRAI.MI,Industrials,Consulting Services,10464000.0,5450000.0,,EUR,EQUITY,TradeLab S.p.A.,1.88,1.94,3.1413612565445055
TRN.MI,Utilities,Utilities - Regulated Electric,19630104576.0,2006757872.0,1406547321.0,EUR,EQUITY,Terna S.p.A.,,,
TSL.MI,Communication Services,Telecom Services,40103956.0,366115835.0,,EUR,EQUITY,Tessellis S.p.A.,0.0918,0.092,0.21762785636560592
TWL.MI,Industrials,Airports & Air Services,12492801.0,503742.0,194404.0,EUR,EQUITY,TraWell Co S.p.A.,23.4,24.2,3.3613445378151297
TXT.MI,Technology,Software - Application,682734848.0,12619868.0,8656654.0,EUR,EQUITY,TXT e-solutions S.p.A.,53.9,54.1,0.3703703703703756
TYA.MI,Industrials,Airports & Air Services,341529568.0,18611966.0,5006619.0,EUR,EQUITY,Toscana Aeroporti S.p.A.,18.0,18.3,1.6528925619834751
U24.MI,Communication Services,Internet Content & Information,3668088.0,21406991.0,2653397.0,EUR,EQUITY,UCapital24 S.p.A.,0.161,0.176,8.902077151335305
UBA.MI,Industrials,Engineering & Construction,50537032.0,9391400.0,,EUR,EQUITY,,5.34,5.4,1.1173184357541992
UCG.MI,Financial Services,Banks - Regional,,,1495477544.0,EUR,EQUITY,,82.42,82.44,0.024263011039665192
UD.MI,Communication Services,Telecom Services,90557328.0,30135549.0,7202752.0,EUR,EQUITY,Unidata S.p.A.,3.01,3.02,0.3316749585406379
UNI.MI,Financial Services,Insurance - Property & Casualty,20382994432.0,717206043.0,403363851.0,EUR,EQUITY,Unipol Assicurazioni S.p.A.,28.41,28.43,0.07037297677691616
VARV.MI,Industrials,Tools & Accessories,604920000.0,3987480.0,,EUR,EQUITY,Sbe - Varvit - Societa' Per Azioni,7.05,7.45,5.51724137931035
VIM.MI,Industrials,Tools & Accessories,21944398.0,13462821.0,2759878.0,EUR,EQUITY,Vimi Fasteners S.p.A.,1.6,1.63,1.8575851393188734
VLC.MI,Communication Services,Advertising Agencies,6019178.0,2441990.0,,EUR,EQUITY,Valica S.p.A.,,,
VLS.MI,Consumer Defensive,Packaged Foods,111130520.0,10842002.0,1708442.0,EUR,EQUITY,Valsoia S.p.A.,10.25,10.4,1.4527845036319649
VLT.MI,Industrials,Specialty Industrial Machinery,72094464.0,6109700.0,1111965.0,EUR,EQUITY,Valtecne S.p.A.,11.8,11.9,0.8438818565400813
VNE.MI,Industrials,Specialty Industrial Machinery,8323678.0,3105150.0,759209.0,EUR,EQUITY,VNE S.p.A.,2.64,2.78,5.166051660516594
VNT.MI,Technology,Information Technology Services,9608587.0,12318702.0,2722034.0,EUR,EQUITY,Vantea SMART S.p.A.,0.78,0.785,0.6389776357827482
VNXT.MI,Basic Materials,Specialty Chemicals,7278842.0,2619555.0,,EUR,EQUITY,,2.56,2.62,2.3166023166023186
VVG.MI,Communication Services,Advertising Agencies,3285474.0,7621000.0,981002.0,EUR,EQUITY,,0.342,0.354,3.448275862068953
WBD.MI,Industrials,Engineering & Construction,2193156096.0,987183519.0,450981340.0,EUR,EQUITY,Webuild S.p.A.,2.218,2.22,0.09013068949978474
WBDR.MI,Industrials,Engineering & Construction,1701479808.0,1615491.0,450981340.0,EUR,EQUITY,Webuild S.p.A.,8.6,8.68,0.9259259259259267
WBS.MI,Communication Services,Advertising Agencies,9014322.0,9104825.0,2179877.0,EUR,EQUITY,Websolute S.p.A.,0.99,1.0,1.0050251256281415
WIIT.MI,Technology,Software - Infrastructure,694812992.0,24903693.0,9002934.0,EUR,EQUITY,Wiit S.p.A.,27.8,27.9,0.3590664272890408
XHS.MI,Consumer Cyclical,Lodging,7661220.0,3219000.0,,EUR,EQUITY,Xenia Hôtellerie Solution S.p.A. Società Benefit,2.32,2.5,7.468879668049798
YACHT.MI,Consumer Cyclical,Recreational Vehicles,1037787840.0,338482654.0,,EUR,EQUITY,Ferretti S.p.A.,3.06,3.066,0.19588638589617316
YKY.MI,Industrials,Integrated Freight & Logistics,13690375.0,5476150.0,,EUR,EQUITY,,2.44,2.48,1.6260162601626031
YOLO.MI,Financial Services,Insurance Brokers,9035388.0,14691688.0,6572245.0,EUR,EQUITY,Yolo Group S.p.A.,0.61,0.64,4.800000000000004
YRM.MI,Industrials,Engineering & Construction,950000000.0,3800000.0,,EUR,EQUITY,Rosetti Marino SpA,244.0,300.0,20.58823529411765
ZEST.MI,Financial Services,Asset Management,24165846.0,198080705.0,137016385.0,EUR,EQUITY,Zest S.p.A.,0.122,0.124,1.6260162601626031
ZUC.MI,Consumer Cyclical,Textile Manufacturing,14945741.0,3942878.0,2787508.0,EUR,EQUITY,Vincenzo Zucchi S.p.A.,0.575,0.59,2.5751072961373414
ZV.MI,Consumer Cyclical,Packaging & Containers,609913152.0,88265288.0,31661641.0,EUR,EQUITY,Zignago Vetro S.p.A.,6.9,6.91,0.1448225923243995
