ticker,isin,nome,mercato,sedute,prima_seduta
A2A.MI,IT0001233417,A2A,MTAA,6801,2000-01-03
AAT.MI,IT0005548521,AATECH,EXGM,793,2023-07-03
ABC.MI,IT0005466294,ABC COMPANY,EXGM,3564,2012-07-30
ABP.MI,IT0005439861,A.B.P. NOCIVELLI,EXGM,1371,2021-03-30
ABT.MI,IT0005445280,ABITARE IN,MTAA,2631,2016-04-08
ABTG.MI,IT0005244030,ALFIO BARDOLLA,EXGM,2297,2017-07-28
AC5.MI,IT0001382024,ACINQUE,MTAA,6801,2000-01-03
ACE.MI,IT0001207098,ACEA,MTAA,6803,2000-01-03
ACQ.MI,IT0005443061,ACQUAZZURRA,EXGM,1334,2021-05-19
ADB.MI,IT0001006128,AEROPORTO G. M. BO,MTAA,2822,2015-07-14
ADV.MI,IT0005607715,ADVENTURE,EXGM,510,2024-08-08
AEDES.MI,IT0005708174,AEDES,MTAA,6801,2000-01-03
AEF.MI,IT0001384590,AEFFE,MTAA,4840,2007-07-24
AGAIN.MI,IT0005577090,CLOUDIA RESEARCH,EXGM,669,2023-12-22
AGP.MI,IT0005472730,ALTEA GREEN POWER,MTAA,1154,2022-02-02
AIM.MI,IT0005204729,4AIM SICAF,EXGM,2554,2016-07-29
AIM2.MI,IT0005440323,4AIM SICAF COMP 2,EXGM,1,2026-07-22
ALFO.MI,IT0005466039,ALFONSINO,EXGM,1201,2021-11-22
ALMS.MI,IT0005717241,ALIA MENTIS,EXGM,38,2026-06-29
AMB.MI,IT0004779515,AMBROMOBILIARE,EXGM,3716,2011-12-23
AMI.MI,IT0005664641,FRIENDS,EXGM,256,2025-08-12
AMP.MI,IT0004056880,AMPLIFON,MTAA,6348,2001-10-01
ANIM.MI,IT0004998065,ANIMA HOLDING,MTAA,3132,2014-04-16
ARBS.MI,IT0005386369,ARTERRA BIOSCIENCE,EXGM,1730,2019-10-28
ARIS.MI,NL0015000N33,ARISTON HOLDING,MTAA,1198,2021-11-26
ARN.MI,IT0004720733,ALERION,MTAA,6803,2000-01-03
ART.MI,IT0005528937,DEODATO.GALLERY,EXGM,899,2023-01-31
ASC.MI,IT0004093263,ASCOPIAVE,MTAA,4996,2006-12-12
ATON.MI,IT0005449464,ATON GREEN STORAGE,EXGM,1313,2021-06-18
AUTME.MI,IT0000084043,AUTOSTRADE MERID,MTAA,6802,2000-01-03
AVIO.MI,IT0005119810,AVIO,MTAA,2809,2015-07-31
AZM.MI,IT0003261697,AZIMUT,MTAA,5624,2004-07-07
B.MI,IT0004412497,BASTOGI SPA,MTAA,6801,2000-01-03
BAMI.MI,IT0005218380,BANCO BPM,MTAA,6801,2000-01-03
BAN.MI,IT0001033700,BASICNET,MTAA,6801,2000-01-03
BC.MI,IT0004764699,BRUNELLO CUCINELLI,MTAA,3629,2012-04-27
BDB.MI,IT0001041000,BCO DESIO BRIANZA,MTAA,6803,2000-01-03
BEC.MI,IT0001268561,B&C SPEAKERS,MTAA,4842,2007-07-20
BELL.MI,IT0005497042,BELLINI NAUTICA,EXGM,1058,2022-06-15
BES.MI,IT0005611642,BESTBE HOLDING,MTAA,6800,2000-01-03
BF.MI,IT0003516066,BOLOGNAFIERE,EXGM,21,2026-07-21
BFF.MI,IT0005244402,BFF BANK,MTAA,2374,2017-04-07
BFG.MI,IT0005187460,B.F.,MTAA,2281,2017-08-24
BGN.MI,IT0001031084,BANCA GENERALI,MTAA,5013,2006-11-15
BMED.MI,IT0004776628,BANCA MEDIOLANUM,MTAA,6803,2000-01-03
BMPS.MI,IT0005508921,BANCA MPS,MTAA,6801,2000-01-03
BO.MI,IT0003217335,BORGOSESIA,MTAA,6798,2000-01-03
BPE.MI,IT0000066123,BPER BANCA,MTAA,6803,2000-01-03
BRE.MI,NL0015001KT6,BREMBO,MTAA,6801,2000-01-03
BRI.MI,IT0000066180,BRIOSCHI,MTAA,6803,2000-01-03
BSS.MI,IT0003097257,BIESSE,MTAA,6417,2001-06-22
BST.MI,IT0003173629,BANCA SISTEMA,MTAA,2830,2015-07-02
BWZ.MI,IT0001487047,BEEWIZE,MTAA,6435,2000-08-01
BZU.MI,IT0001347308,BUZZI,MTAA,6801,2000-01-03
CAI.MI,IT0004329733,CAIRO COMMUNICAT,MTAA,6659,2000-07-19
CALT.MI,IT0003127930,CALTAGIRONE,MTAA,6801,2000-01-03
CBB.MI,IT0005377277,CLEANBNB,EXGM,1797,2019-07-24
CDG.MI,IT0005003782,CASTA DIVA GROUP,EXGM,3066,2014-07-22
CE.MI,IT0003121677,CREDEM,MTAA,6803,2000-01-03
CED.MI,IT0001472171,CALTAGIRONE EDIT,MTAA,6669,2000-07-07
CELL.MI,IT0005244618,CELLULARLINE,MTAA,2393,2017-03-15
CEM.MI,NL0013995087,CEMENTIR HOLDING,MTAA,6801,2000-01-03
CFL.MI,IT0005465619,COFLE,EXGM,1209,2021-11-15
CFV.MI,IT0005379604,CONFINVEST ORO,EXGM,1789,2019-08-01
CGF.MI,IT0005618043,COGEFEED,EXGM,453,2024-10-30
CIR.MI,IT0000070786,CIR,MTAA,6803,2000-01-03
CIRC.MI,IT0005344996,CIRCLE,EXGM,1980,2018-10-26
CLABO.MI,IT0005091324,CLABO,EXGM,2893,2015-03-31
CLE.MI,IT0005117848,CLASS EDITORI,MTAA,6803,2000-01-03
CLF.MI,IT0003025019,CALEFFI,MTAA,5273,2005-11-09
CLI.MI,IT0003023980,C. LATTE D'ITALIA,MTAA,6584,2000-11-03
CMB.MI,IT0001128047,CEMBRE,MTAA,6803,2000-01-03
CMTL.MI,IT0005632945,COM.TEL,EXGM,379,2025-02-19
COM.MI,IT0005246191,COMER INDUSTRIES,MTAA,1889,2019-03-13
COP.MI,IT0005379406,COPERNICO,EXGM,1784,2019-08-09
CORE.MI,IT0005461303,ALLCORE,EXGM,1211,2021-11-09
COSMO.MI,IT0005487670,FARMACOSMO,EXGM,1112,2022-04-01
CPR.MI,NL0015435975,CAMPARI,MTAA,6407,2001-07-06
CREG.MI,IT0005408593,CREACTIVES GROUP,EXGM,789,2023-07-06
CRL.MI,IT0005331019,CAREL INDUSTRIES,MTAA,2080,2018-06-11
CSP.MI,IT0001127874,CSP INT IND CALZE,MTAA,6803,2000-01-03
CUBE.MI,IT0005532483,CUBE LABS,EXGM,857,2023-03-27
CVG.MI,IT0005426215,CONVERGENZE,EXGM,1431,2021-01-05
CY4.MI,IT0005412504,CY4GATE,MTAA,1566,2020-06-24
CYB.MI,IT0005546103,CYBEROO,EXGM,1745,2019-10-07
D.MI,IT0001463063,DIRECTA SIM,EXGM,1182,2021-12-22
DAL.MI,IT0004053440,DATALOGIC,MTAA,6479,2001-03-28
DAN.MI,IT0000076502,DANIELI & C,MTAA,6803,2000-01-03
DANR.MI,IT0000076486,DANIELI & C RISP,MTAA,6803,2000-01-03
DATA.MI,IT0005468357,DATRIX,EXGM,1195,2021-12-03
DBA.MI,IT0005285942,DBA GROUP,EXGM,2201,2017-12-14
DDM.MI,IT0005659724,DEDEM,EXGM,270,2025-07-24
DEA.MI,IT0005600249,DIS ELET ADRIATICA,EXGM,535,2024-07-05
DEX.MI,IT0005543480,DEXELANCE,MTAA,825,2023-05-18
DGT.MI,IT0005089476,DIGITOUCH,EXGM,2834,2015-06-26
DHH.MI,IT0005203622,DHH,EXGM,2554,2016-07-27
DIA.MI,IT0003492391,DIASORIN,MTAA,4845,2007-07-19
DIB.MI,IT0001469995,DIGITAL BROS,MTAA,6594,2000-10-20
DIS.MI,LU2592315662,D'AMICO,MTAA,4898,2007-05-03
DIT.MI,IT0005454027,DESTINATION ITALIA,EXGM,1225,2021-10-20
DLG.MI,IT0003115950,DE'LONGHI,MTAA,6397,2001-07-24
DNR.MI,IT0005186371,INDUSTRIE DE NORA,MTAA,1042,2022-07-12
DOT.MI,IT0005523839,DOTSTAY,EXGM,918,2023-01-03
DOV.MI,IT0005610958,DOVALUE,MTAA,2309,2017-07-14
DOX.MI,IT0005394413,DOXEE,EXGM,1690,2019-12-19
DPG.MI,IT0005716813,DIPIETRO GROUP,EXGM,13,2026-08-03
E9IA.MI,IT0005391229,E-NOVIA,EXGM,928,2022-12-19
EAV.MI,IT0005562183,EMMA VILLAS,EXGM,728,2023-09-29
ECK.MI,IT0005654766,ECOSUNTEK,EXGM,3121,2014-05-08
ECMB.MI,IT0005543332,ECOMEMBRANE,EXGM,837,2023-04-28
ECMPM.MI,NL0015000K93,EUROCOMMERCIAL,MTAA,824,2023-05-16
ECNL.MI,IT0005241192,AQUAFIL,MTAA,2378,2017-04-05
EDAC.MI,IT0005351504,EDILIZIACROBATICA,EXGM,1963,2018-11-19
EDNR.MI,IT0003372205,EDISON R,MTAA,6043,2002-12-02
EGB.MI,IT0005557514,E-GLOBE,EXGM,764,2023-08-09
EGLA.MI,IT0005527616,EUROGROUP LAM,MTAA,891,2023-02-10
EGN.MI,IT0005586497,EGOMNIA,EXGM,0,
EHI.MI,IT0005723405,EHI,EXGM,13,2026-07-30
ELB.MI,IT0005627762,EDGELAB,EXGM,414,2024-12-30
ELC.MI,IT0003404214,ELICA,MTAA,5016,2006-11-10
ELN.MI,IT0005453250,EL.EN.,MTAA,6558,2000-12-11
ELSA.MI,IT0005561466,ELSA SOLUTIONS,EXGM,731,2023-09-28
EM.MI,IT0001237053,EMAK,MTAA,6803,2000-01-03
ENA.MI,IT0005468290,ENA,EXGM,1184,2021-12-16
ENAV.MI,IT0005176406,ENAV,MTAA,2555,2016-07-26
ENEL.MI,IT0003128367,ENEL,MTAA,6803,2000-01-03
ENI.MI,IT0003132476,ENI,MTAA,6803,2000-01-03
ENT.MI,IT0005353575,ENTERA,EXGM,1877,2019-03-26
ENV.MI,IT0004356751,ENERVIT,MTAA,4587,2008-07-24
ENY.MI,IT0005500712,ENERGY,EXGM,1025,2022-08-04
EPH.MI,IT0005623845,EPH INVEST,MTAA,2923,2015-02-16
EPRB.MI,IT0005519837,EPRCOMUNICAZIONE,EXGM,929,2022-12-16
EQUI.MI,IT0005312027,EQUITA GROUP,MTAA,2214,2017-11-23
ERFO.MI,IT0005497885,LAB FARMACEUT ERFO,EXGM,1047,2022-07-01
ERG.MI,IT0001157020,ERG,MTAA,6801,2000-01-03
ESAU.MI,IT0005337107,ESAUTOMOTION,EXGM,2059,2018-07-06
ESF.MI,IT0005561441,EDIL SAN FELICE,EXGM,731,2023-09-27
ESIGM.MI,IT0005421885,ESI,EXGM,1476,2020-10-26
ESPE.MI,IT0005573818,ESPE,EXGM,627,2024-02-22
ESTM.MI,IT0005468191,ESTRIMA,EXGM,1182,2021-12-20
ET.MI,IT0005660219,ENERGY TIME,EXGM,271,2025-07-24
ETH.MI,IT0003895668,EUROTECH,MTAA,5261,2005-11-30
ETI.MI,IT0005720005,ETI,EXGM,28,2026-07-08
ETS.MI,IT0005669558,E.T.S.,EXGM,226,2025-09-26
EUK.MI,IT0004818297,EUKEDOS,MTAA,5087,2006-08-01
EVISO.MI,IT0005430936,EVISO,EXGM,1431,2021-01-05
EXAI.MI,IT0004496029,EXPERT.AI,EXGM,3173,2014-02-18
EXEC.MI,IT0005557530,EXECUS,EXGM,769,2023-08-04
FAE.MI,IT0005500688,FAE TECHNOLOGY,EXGM,904,2023-01-24
FARM.MI,IT0004674666,H-FARM,EXGM,2734,2015-11-13
FBK.MI,IT0000072170,FINECOBANK,MTAA,3082,2014-07-02
FCH.MI,IT0005508574,FRANCHETTI,EXGM,986,2022-09-29
FCT.MI,IT0005599938,FINCANTIERI,MTAA,3079,2014-07-03
FDA.MI,IT0005654683,FIDIA,MTAA,6568,2000-11-27
FF.MI,IT0005215329,FINE FOODS & PHARM,MTAA,2497,2016-10-19
FIC.MI,IT0005252736,FIRST CAPITAL,EXGM,3975,2010-12-22
FILA.MI,IT0004967292,FILA,MTAA,3212,2013-12-18
FM.MI,IT0003365613,FIERA MILANO,MTAA,6033,2002-12-12
FNM.MI,IT0000060886,FNM,MTAA,6801,2000-01-03
FPE.MI,IT0005203424,FOPE,EXGM,2467,2016-11-30
FPT.MI,IT0005720500,FIRST POINT,EXGM,18,2026-07-27
FRE.MI,IT0004819857,FRENDY ENERGY,EXGM,3592,2012-06-22
FTC.MI,IT0005475162,FINANZA.TECH,EXGM,1176,2021-12-29
FUM.MI,IT0005335754,FRANCHI UMB MARMI,EXGM,2041,2018-08-03
G.MI,IT0000062072,GENERALI,MTAA,6803,2000-01-03
GAB.MI,IT0005023038,GABETTI,MTAA,6803,2000-01-03
GAIN.MI,IT0005672461,gAIn360,EXGM,170,2025-12-12
GAMB.MI,IT0005122392,GAMBERO ROSSO,EXGM,2728,2015-11-23
GCOM.MI,IT0005453003,GIGLIO.COM,EXGM,1288,2021-07-27
GDT.MI,IT0005723074,GUIDOTTI SHIPS,EXGM,15,2026-07-28
GE.MI,IT0003203947,GEFRAN,MTAA,6803,2000-01-03
GEL.MI,IT0005312365,GEL,EXGM,2112,2017-12-20
GEO.MI,IT0003697080,GEOX,MTAA,5521,2004-12-01
GF.MI,IT0005144784,GENERALFINANCE,MTAA,1045,2022-07-07
GHC.MI,IT0005345233,GAROF HEALTH CARE,MTAA,1971,2018-11-12
GIS.MI,IT0005391138,GISMONDI 1754,EXGM,1693,2019-12-18
GM.MI,IT0005531261,GENTILI MOSCONI,EXGM,889,2023-02-10
GML.MI,IT0005498610,G.M. LEATHER,EXGM,1038,2022-07-13
GMS.MI,IT0005652489,GIOCAMONDO STUDY,EXGM,304,2025-06-06
GPI.MI,IT0005221517,GPI,MTAA,2805,2015-08-04
GPSY.MI,IT0005722191,GIUNTI,EXGM,19,2026-07-22
GRAL.MI,IT0005332595,GRIFAL,EXGM,2086,2018-06-01
GRN.MI,IT0005549768,GREEN OLEO,EXGM,786,2023-07-11
GROW.MI,IT0005040354,GROWENS,EXGM,3060,2014-07-29
GSP.MI,IT0004098510,GAS PLUS,MTAA,5000,2006-12-06
GT.MI,IT0005607699,GT TALENT GROUP,EXGM,481,2024-09-20
GVS.MI,IT0005411209,GVS,MTAA,1567,2020-06-19
HER.MI,IT0001250932,HERA,MTAA,5959,2003-03-28
HIK.MI,IT0005628778,HAIKI+,EXGM,405,2025-01-10
HLX.MI,IT0005451213,HELYX INDUSTRIES,EXGM,1279,2021-08-09
HQF.MI,IT0005450694,HIGH QUALITY FOOD,EXGM,1057,2022-06-21
HZY.MI,IT0005468662,HOMIZY,EXGM,1180,2021-12-21
IB.MI,IT0005037905,INIZIAT BRESCIANE,EXGM,3072,2014-07-15
ICC.MI,IT0005469371,INTERNAT CARE COMP,EXGM,1165,2022-01-13
ICF.MI,IT0005416281,IND CHIMICHE FORES,EXGM,1535,2020-08-05
ICOP.MI,IT0001214433,I.CO.P.,EXGM,522,2024-07-25
ICOS.MI,IT0005455875,INTERCOS,MTAA,1209,2021-11-11
IDNTT.MI,CH1118852594,IDNTT,EXGM,1299,2021-07-09
IEG.MI,IT0003411417,ITALIAN EXHIBITION,MTAA,1820,2019-06-19
IF.MI,IT0003188064,BANCA IFIS,MTAA,6803,2000-01-03
IG.MI,IT0005211237,ITALGAS,MTAA,2482,2016-11-07
IGD.MI,IT0005322612,IGD,MTAA,5467,2005-02-11
IGV.MI,IT0005108219,I GRANDI VIAGGI,MTAA,6801,2000-01-03
ILLA.MI,IT0005578395,ILLA,EXGM,2192,2017-12-22
ILP.MI,IT0005359101,ILPRA,EXGM,1905,2019-02-15
IMD.MI,IT0005549255,I.M.D.,EXGM,788,2023-07-07
IMS.MI,IT0001413837,IMMSI,MTAA,6770,2000-02-15
INC.MI,IT0005412298,INNOVATEC,EXGM,3210,2013-12-20
INDB.MI,IT0005245508,INDEL B,MTAA,2346,2017-05-19
INW.MI,IT0005090300,INWIT,MTAA,2836,2015-06-22
IOT.MI,IT0005438046,SECO,MTAA,1346,2021-05-06
IP.MI,IT0001078911,INTERPUMP GROUP,MTAA,6801,2000-01-03
IRC.MI,IT0001077780,IRCE,MTAA,6801,2000-01-03
IRE.MI,IT0003027817,IREN,MTAA,6803,2000-01-03
ISC.MI,IT0005474108,ISCC FINTECH,EXGM,1182,2021-12-22
ISP.MI,IT0000072618,INTESA SANPAOLO,MTAA,6801,2000-01-03
ITD.MI,IT0005337818,INTRED,EXGM,2053,2018-07-18
ITM.MI,IT0005253205,ITALMOBILIARE,MTAA,6803,2000-01-03
ITW.MI,IT0003057624,IT WAY,MTAA,6411,2001-07-04
IVG.MI,NL0015000LU4,IVECO GROUP,MTAA,1174,2022-01-03
IVN.MI,IT0005554784,IVISION TECH,EXGM,770,2023-08-03
IWB.MI,IT0005075764,ITALIAN WINE BRAND,EXGM,2935,2015-01-29
JUVE.MI,IT0005572778,JUVENTUS FC,MTAA,6288,2001-12-20
KK.MI,IT0005707341,KRUSO KAPITAL,MTAA,649,2024-01-25
KLN.MI,IT0005678104,KALEON,EXGM,180,2025-12-01
KME.MI,IT0004552359,KME GROUP,MTAA,6801,2000-01-03
KMER.MI,IT0004552367,KME GROUP RSP,MTAA,6802,2000-01-03
LDB.MI,IT0005469272,LINDBERGH,EXGM,1184,2021-12-20
LDO.MI,IT0003856405,LEONARDO,MTAA,5358,2005-07-18
LFG.MI,IT0004973696,LEONE FILM GROUP,EXGM,3211,2013-12-18
LMG.MI,IT0004522162,LUCISANO MEDIA G,EXGM,3070,2014-07-16
LNDR.MI,IT0005619843,LANDI RENZO,MTAA,4860,2007-06-26
LON.MI,IT0005337073,LONGINO&CARDENAL,EXGM,2062,2018-07-04
LS.MI,IT0005573438,LEMON SISTEMI,EXGM,667,2023-12-29
LTMC.MI,IT0005541336,LOTTOMATICA GROUP,MTAA,834,2023-05-03
LTX.MI,IT0005600801,LITIX,EXGM,535,2024-07-08
LUVE.MI,IT0005107492,LUVE,MTAA,2823,2015-07-09
MAIRE.MI,IT0004931058,MAIRE,MTAA,4754,2007-11-26
MAPS.MI,IT0005364333,MAPS,EXGM,1889,2019-03-08
MARE.MI,IT0005588626,MARE ENGINEERING,EXGM,562,2024-05-28
MARK.MI,IT0005670960,MARKBASS,EXGM,221,2025-10-03
MARP.MI,IT0004376858,MARZOCCHI POMPE,EXGM,1801,2019-07-16
MARR.MI,IT0003428445,MARR,MTAA,5375,2005-06-21
MASI.MI,IT0004125677,MASI AGRICOLA,EXGM,2832,2015-06-30
MB.MI,IT0000062957,MEDIOBANCA,MTAA,6801,2000-01-03
MET.MI,IT0005481855,MET.EXTRA GROUP,MTAA,5548,2004-10-25
MEV.MI,IT0005586950,MEVIM,EXGM,3539,2012-09-06
MFEA.MI,NL0015001OI1,MFE A,MTAA,1162,2022-01-21
MFEB.MI,NL0015001OJ9,MFE B,MTAA,6803,2000-01-03
MFT.MI,IT0005388449,MATICA FINTEC,EXGM,1718,2019-11-11
MGS.MI,IT0005525347,MAGIS,EXGM,923,2022-12-27
MN.MI,IT0001469383,MONDADORI EDIT,MTAA,6801,2000-01-03
MNL.MI,IT0005338139,MONNALISA,EXGM,2055,2018-07-12
MOL.MI,IT0004195308,MOLTIPLY GROUP,MTAA,4874,2007-06-06
MONC.MI,IT0004965148,MONCLER,MTAA,3216,2013-12-16
MPT.MI,IT0005518953,IMPIANTI,EXGM,929,2022-12-19
MQSPA.MI,IT0005450173,MEGLIOQUESTO,EXGM,1306,2021-06-28
MS.MI,IT0005603078,MISITANO STRACUZZI,EXGM,518,2024-07-29
MTK.MI,IT0005651481,METRIKS AI,EXGM,310,2025-05-30
MTS.MI,IT0005427510,MIT SIM,EXGM,1429,2021-01-05
MTV.MI,IT0001447785,MONDO TV,MTAA,6674,2000-06-28
MTVFR.MI,FR0014011ND8,MONDO TV FRANCE,EXGM,3400,2013-03-25
NDT.MI,IT0005275778,NEODECORTECH,MTAA,2258,2017-09-26
NEXI.MI,IT0005366767,NEXI,MTAA,1861,2019-04-18
NOVA.MI,IT0005605701,NOVAMARINE,EXGM,516,2024-08-01
NPI.MI,IT0005025355,NOTORIOUS PICTURES,EXGM,3087,2014-06-23
NRST.MI,GRS802003004,NEUROSOFT,EXGM,4389,2009-05-08
NSP.MI,IT0005497018,NEOSPERIENCE,EXGM,1901,2019-02-20
NUS.MI,IT0005453110,NUSCO,EXGM,1281,2021-08-05
NWL.MI,IT0005385213,NEWPRINCES,MTAA,1729,2019-10-29
NXT.MI,IT0005594418,NEXT GEOSOLUTIONS,EXGM,566,2024-05-22
OEC.MI,IT0005122400,OPS ECOM,MTAA,2801,2015-08-07
OLI.MI,IT0005634610,OLIDATA,MTAA,6803,2000-01-03
OMER.MI,IT0005453748,OMER,EXGM,1280,2021-08-04
OPR.MI,IT0005545675,OPS RETAIL,MTAA,6548,2000-12-22
OPS.MI,IT0005577868,OPS ITALIA,MTAA,5154,2006-04-27
OPTS.MI,IT0005713646,OPT,EXGM,39,2026-06-26
OROX.MI,IT0005713232,GENS AUREA,MTAA,27,2026-07-14
ORS.MI,IT0005138703,ORSERO,MTAA,2735,2015-11-10
OS.MI,IT0005374035,OFFICINA STELLARE,EXGM,1817,2019-06-26
OSA.MI,IT0005424830,OSAI AUTOM SYSTEM,EXGM,1471,2020-11-03
OTO.MI,IT0005663361,OTOFARMA,EXGM,260,2025-08-06
OVS.MI,IT0005043507,OVS,MTAA,2915,2015-03-02
PAG.MI,IT0005545238,PORTO AVIATION,EXGM,768,2023-08-04
PFI.MI,IT0005442154,PREMIA FINANCE,EXGM,1315,2021-06-16
PHIL.MI,IT0005373789,PHILOGEN,MTAA,1390,2021-03-03
PHN.MI,IT0005274094,PHARMANUTRA,MTAA,2307,2017-07-18
PIA.MI,IT0003073266,PIAGGIO,MTAA,5103,2006-07-11
PINF.MI,IT0003056386,PININFARINA SPA,MTAA,6803,2000-01-03
PIRC.MI,IT0005278236,PIRELLI & C,MTAA,2250,2017-10-04
PLC.MI,IT0005339160,PLC,MTAA,5118,2006-06-22
PLN.MI,IT0005430951,PLANETEL,EXGM,1429,2021-01-05
PMED.MI,IT0005676140,Piu' Medical,EXGM,186,2025-11-20
PMT.MI,IT0005425365,PROMOTICA,EXGM,1454,2020-11-27
POPR.MI,IT0004587470,POLIGRAF PRINTING,EXGM,4174,2010-03-16
POR.MI,IT0005337495,PORTOBELLO,EXGM,2054,2018-07-13
POZ.MI,IT0005499949,POZZI MILANO,EXGM,1037,2022-07-19
PQ.MI,IT0004240443,PIQUADRO,MTAA,4774,2007-10-25
PRE.MI,IT0005611071,PREDICT,EXGM,473,2024-09-30
PRO.MI,IT0005704439,BCA PROFILO,MTAA,6803,2000-01-03
PRT.MI,IT0003850929,ESPRINET,MTAA,6396,2001-07-25
PRXD.MI,IT0005687469,Praexidia,EXGM,0,
PRY.MI,IT0004176001,PRYSMIAN,MTAA,4900,2007-05-03
PSQ.MI,IT0005546319,PASQUARELLI AUTO,EXGM,816,2023-05-26
PST.MI,IT0003796171,POSTE ITALIANE,MTAA,2745,2015-10-27
PTR.MI,IT0005378143,PATTERN,EXGM,1799,2019-07-17
PWS.MI,IT0005353815,POWERSOFT,EXGM,1942,2018-12-19
RACE.MI,NL0011585146,FERRARI,MTAA,2701,2016-01-04
RAD.MI,IT0005379737,RADICI,EXGM,1792,2019-07-26
RAT.MI,IT0004724107,RATTI,MTAA,6803,2000-01-03
RCS.MI,IT0004931496,RCS MEDIAGROUP,MTAA,6536,2001-01-08
RDF.MI,IT0005496101,REDELFI,EXGM,1057,2022-06-21
RDUE.MI,IT0005521247,ERREDUE,EXGM,938,2022-12-06
REC.MI,IT0003828271,RECORDATI ORD,MTAA,6801,2000-01-03
RES.MI,IT0005543613,RES,EXGM,833,2023-05-04
RETI.MI,IT0005418204,RETI,EXGM,1510,2020-09-10
REVO.MI,IT0005513202,REVO INSURANCE,MTAA,943,2022-11-25
REY.MI,IT0005282865,REPLY,MTAA,6559,2000-12-06
RFG.MI,IT0005466963,RACING FORCE,EXGM,1205,2021-11-17
RFLTC.MI,IT0005549354,REDFISH,EXGM,792,2023-06-30
RKT.MI,IT0005481830,ROCKET SHARING C,EXGM,1134,2022-02-28
RMT.MI,ES0105724001,RIBA MUNDO,EXGM,773,2023-07-28
RN.MI,IT0001402269,RISANAMENTO,MTAA,6577,2000-11-10
RNV.MI,IT0005500571,RENOVALO,EXGM,1036,2022-07-20
RPTN.MI,IT0005663429,RINO PETINO,EXGM,257,2025-08-08
RTL.MI,IT0005680373,RT&L,EXGM,176,2025-12-03
RWAY.MI,IT0005054967,RAI WAY,MTAA,2983,2014-11-19
RWY.MI,IT0005528069,REWAY GROUP,EXGM,871,2023-03-08
S3D.MI,IT0005497893,SOLID WORLD GROUP,EXGM,1046,2022-07-06
SAB.MI,IT0001042610,SABAF,MTAA,6803,2000-01-03
SAC.MI,IT0005521551,SACCHERIA F. FRANC,EXGM,927,2022-12-16
SBC.MI,IT0005556581,SICILY BY CAR,EXGM,767,2023-08-03
SCK.MI,IT0005340051,SCIUKER FRAMES,EXGM,2038,2018-08-07
SEIF.MI,IT0005353484,SOC EDIT IL FATTO,EXGM,1880,2019-03-22
SERI.MI,IT0005283640,SERI INDUSTRIAL,MTAA,6497,2001-03-02
SES.MI,IT0004729759,SESA,MTAA,3844,2011-06-27
SFER.MI,IT0004712375,SALV FERRAGAMO,MTAA,3842,2011-06-29
SFL.MI,IT0004604762,SAFILO GROUP,MTAA,5254,2005-12-09
SFT.MI,IT0001469953,SOFTLAB,MTAA,6644,2000-08-09
SGC.MI,IT0005337172,SG COMPANY,EXGM,2047,2018-07-26
SGF.MI,IT0000076536,SOGEFI,MTAA,6801,2000-01-03
SIAV.MI,IT0005504128,SIAV,EXGM,1025,2022-08-04
SIT.MI,IT0005262149,SIT,MTAA,2304,2017-07-21
SL.MI,IT0003549422,SANLORENZO,MTAA,1698,2019-12-11
SMCAP.MI,IT0005621070,SMART CAPITAL,EXGM,350,2025-03-31
SMN.MI,IT0005573123,SIMONE,EXGM,664,2023-12-29
SOGES.MI,IT0005597411,SOGES GROUP,EXGM,553,2024-06-12
SOL.MI,IT0001206769,SOL,MTAA,6801,2000-01-03
SOM.MI,IT0005329815,SOMEC,MTAA,2100,2018-05-14
SOS.MI,IT0005338675,SOSTRAVEL.COM,EXGM,2040,2018-08-01
SPM.MI,IT0005495657,SAIPEM,MTAA,6801,2000-01-03
SRG.MI,IT0003153415,SNAM,MTAA,6300,2001-12-06
SSL.MI,IT0003621783,S.S. LAZIO,MTAA,6803,2000-01-03
STLAM.MI,NL00150001Q9,STELLANTIS,MTAA,6803,2000-01-03
STMMI.MI,NL0000226223,STMICROELECTRONICS,MTAA,6801,2000-01-03
SVS.MI,IT0005469264,SVAS BIOSANA,EXGM,1166,2022-01-13
SYS.MI,IT0005595423,SYS-DAT,MTAA,539,2024-07-02
TALEA.MI,IT0005378333,TALEA,EXGM,1791,2019-07-31
TB.MI,IT0005001554,TRIBOO,MTAA,3160,2014-03-11
TCG.MI,IT0005658841,TECNO,EXGM,275,2025-07-16
TCM.MI,IT0005425050,TECMA SOLUTIONS,EXGM,1465,2020-11-09
TEN.MI,LU2598331598,TENARIS,MTAA,6032,2002-12-17
TES.MI,IT0004585243,TESMEC,MTAA,4097,2010-07-01
TFIN.MI,IT0005709909,TREVI FIN IND,MTAA,6801,2000-01-03
TGYM.MI,IT0005162406,TECHNOGYM,MTAA,2615,2016-05-03
TIME.MI,IT0005453235,COMPAGNIA  CARAIBI,EXGM,1283,2021-08-03
TIP.MI,IT0003153621,TAMBURI,MTAA,5276,2005-11-09
TISG.MI,IT0005439085,THE ITALIAN SEA G,MTAA,1083,2022-05-12
TIT.MI,IT0005712671,TELECOM ITALIA,MTAA,6801,2000-01-03
TLM.MI,IT0005683401,TELMES,EXGM,165,2025-12-18
TLS.MI,IT0005240046,TELESIA,EXGM,2408,2017-02-20
TMP.MI,IT0005531238,TMP GROUP,EXGM,896,2023-02-02
TNX.MI,IT0005428898,TENAX INTERNAT,EXGM,1437,2020-12-18
TNXT.MI,IT0005037210,TINEXTA,MTAA,3055,2014-08-06
TPRO.MI,IT0005482333,TECHNOPROBE,MTAA,1143,2022-02-15
TPS.MI,IT0005246142,TPS,EXGM,2381,2017-03-28
TRAI.MI,IT0005651507,TRADELAB,EXGM,309,2025-05-29
TRN.MI,IT0003242622,TERNA,MTAA,5636,2004-06-23
TSL.MI,IT0005496473,TESSELLIS,MTAA,6803,2000-01-03
TWL.MI,IT0005717571,TRAWELL CO,EXGM,3283,2013-09-12
TXT.MI,IT0001454435,TXT E-SOLUTIONS,MTAA,6664,2000-07-12
TYA.MI,IT0000214293,TOSCANA AEROPORTI,MTAA,4837,2007-07-26
U24.MI,IT0005380461,UCAPITAL24,EXGM,1712,2019-11-21
UBA.MI,IT0005628158,UBALDI COSTRUZIONI,EXGM,410,2025-01-03
UCG.MI,IT0005239360,UNICREDIT,MTAA,6801,2000-01-03
UD.MI,IT0005573065,UNIDATA,MTAA,1631,2020-03-18
UNI.MI,IT0004810054,UNIPOL,MTAA,6803,2000-01-03
VARV.MI,IT0005568461,SBE-VARVIT,EXGM,697,2023-11-14
VIM.MI,IT0004717200,VIMI FASTENERS,EXGM,2040,2018-08-02
VLC.MI,IT0005562514,VALICA,EXGM,729,2023-09-29
VLS.MI,IT0001018362,VALSOIA,MTAA,5100,2006-07-14
VLT.MI,IT0005532525,VALTECNE,EXGM,875,2023-03-01
VNE.MI,IT0005556110,VNE,EXGM,771,2023-08-02
VNT.MI,IT0005433765,VANTEA SMART,EXGM,1415,2021-01-27
VNXT.MI,IT0005652414,VINEXT,EXGM,258,2025-08-08
VVG.MI,IT0005622581,VIVENDA GROUP,EXGM,428,2024-12-02
WBD.MI,IT0003865570,WEBUILD,MTAA,6803,2000-01-03
WBDR.MI,IT0003865588,WEBUILD RSP,MTAA,6021,2003-01-01
WBS.MI,IT0005384901,WEBSOLUTE,EXGM,1750,2019-09-30
WIIT.MI,IT0005440893,WIIT,MTAA,2336,2017-06-07
XHS.MI,IT0005568487,XENIA,EXGM,702,2023-11-06
YACHT.MI,IT0005383291,FERRETTI,MTAA,795,2023-06-27
YKY.MI,IT0005573966,YAKKYO,EXGM,653,2024-01-19
YOLO.MI,IT0005495871,YOLO GROUP,EXGM,1019,2022-08-11
YRM.MI,IT0001017851,ROSETTI MARINO,EXGM,3503,2012-10-23
ZEST.MI,IT0005013013,ZEST,MTAA,6803,2000-01-03
ZUC.MI,IT0005395071,ZUCCHI,MTAA,6801,2000-01-03
ZV.MI,IT0004171440,ZIGNAGO VETRO,MTAA,4876,2007-06-06
